war,mission_id,mission_date,country,aircraft_type,planes,bombload,target_location,target_country,latitude,longitude,weapon_type
WWI,1,10/16/1917,UK,AIRCO DH4 DAY BOMBER,8,224.0,SAARBRUCKEN,GERMANY,49.233333,7.0,
WWI,2,10/20/1917,UK,AIRCO DH4 DAY BOMBER,11,224.0,WADGASSEN & BOUS,GERMANY,49.266667,6.783333,
WWI,3,10/23/1917,UK,FE2B,12,277.9166667,"SAARBRUCKEN, ETC",GERMANY,49.233333,7.0,
WWI,4,10/23/1917,UK,HADLEY PAGE O/100,7,1344.0,"SAARBRUCKEN, ETC",GERMANY,49.233333,7.0,
WWI,5,10/28/1917,UK,FE2B,3,305.0,SAARBRUCKEN & OTHERS,GERMANY,49.233333,7.0,
WWI,6,10/29/1917,UK,AIRCO DH4 DAY BOMBER,12,226.0,PIRMASENS,GERMANY,49.2037161,7.6047455,
WWI,8,10/31/1917,UK,AIRCO DH4 DAY BOMBER,6,227.0,KAISERSLAUTERN,GERMANY,49.4446997,7.7690041,
WWI,9,12/4/1917,UK,AIRCO DH4 DAY BOMBER,11,221.8181818,SAARBRUCKEN & ZWEIBRUCKEN,GERMANY,49.233333,7.0,
WWI,10,12/5/1917,UK,AIRCO DH4 DAY BOMBER,11,218.7272727,SAARBRUCKEN,GERMANY,49.233333,7.0,
WWI,11,12/10/1917,UK,AIRCO DH4 DAY BOMBER,7,227.7142857,PIRMASENS,GERMANY,49.2037161,7.6047455,
WWI,12,12/23/1917,UK,AIRCO DH4 DAY BOMBER,10,225.2,MANNHEIM,GERMANY,49.488333,8.464722,
WWI,13,1/2/1918,UK,FE2B,5,238.0,"METZ, MAZIERES, WOIPPY",FRANCE,49.115461,6.175875,
WWI,14,1/3/1918,UK,FE2B,8,377.5,5 SITES W/I 20 NM OF METZ,FRANCE,49.119666,6.176905,
WWI,15,1/4/1918,UK,FE2B,6,376.6666667,CONFLANS & MARS,FRANCE,49.16768,5.848631,
WWI,16,1/4/1918,UK,HADLEY PAGE O/100,1,1344.0,COURCELLES,FRANCE,49.066651,6.308383,
WWI,17,1/13/1918,UK,AIRCO DH4 DAY BOMBER,12,229.3333333,KARLSRUHE,GERMANY,49.0080848,8.4037563,
WWI,18,1/13/1918,UK,FE2B,6,365.8333333,THIONVILLE,FRANCE,49.356794,6.167606,
WWI,20,1/20/1918,UK,FE2B,11,319.0909091,"THIONVILLE, BEMSDORF, FALKNBG",FRANCE,49.356794,6.167606,
WWI,21,1/20/1918,UK,HADLEY PAGE O/100,1,1344.0,ARNAVILLE,FRANCE,49.011487,6.030617,
WWI,22,1/23/1918,UK,FE2B,10,259.4,"TREVES, THIONVILLE, ETC",FRANCE,45.538718,4.675828,
WWI,23,1/23/1918,UK,HADLEY PAGE O/100,2,1344.0,MANNHEIM,GERMANY,49.488333,8.464722,
WWI,24,1/26/1918,UK,AIRCO DH4 DAY BOMBER,7,193.7142857,TREVES,FRANCE,45.538718,4.675828,
WWI,25,2/8/1918,UK,FE2B,3,320.6666667,COURCELLES,FRANCE,49.066651,6.308383,
WWI,26,2/11/1918,UK,AIRCO DH4 DAY BOMBER,12,236.5,OFFENBURG,GERMANY,48.45,7.916667,
WWI,27,2/15/1918,UK,FE2B,5,341.6,CONFLANS,FRANCE,49.1641817,5.872321129,
WWI,28,2/15/1918,UK,HADLEY PAGE O/100,0,0.0,CONFLANS,FRANCE,49.1641817,5.872321129,
WWI,30,2/17/1918,UK,FE2B,6,365.3333333,CONFLANS,FRANCE,49.1641817,5.872321129,
WWI,31,2/17/1918,UK,HADLEY PAGE O/100,0,0.0,UNKNOWN,GERMANY,0.0,0.0,
WWI,32,2/18/1918,UK,AIRCO DH4 DAY BOMBER,9,241.7777778,THIONVILLE & TREVES,FRANCE,49.356794,6.167606,
WWI,33,2/18/1918,UK,FE2B,10,285.6,TREVES & THIONVILLE,FRANCE,45.538718,4.675828,
WWI,34,2/18/1918,UK,HADLEY PAGE O/100,0,0.0,UNKNOWN,GERMANY,0.0,0.0,
WWI,35,2/19/1918,UK,AIRCO DH4 DAY BOMBER,11,226.0,TREVES,FRANCE,45.538718,4.675828,
WWI,37,2/19/1918,UK,HADLEY PAGE O/100,2,1456.0,THIONVILLE,FRANCE,49.356794,6.167606,
WWI,38,2/20/1918,UK,AIRCO DH4 DAY BOMBER,8,237.5,PIRMASENS,GERMANY,49.2037161,7.6047455,
WWI,39,2/26/1918,UK,FE2B,9,349.3333333,FRESCATY,FRANCE,49.115461,6.175875,
WWI,40,2/26/1918,UK,HADLEY PAGE O/100,1,1344.0,TREVES,FRANCE,45.538718,4.675828,
WWI,41,3/6/1918,UK,FE2B,1,395.0,FRESCATY,FRANCE,49.115461,6.175875,
WWI,42,3/9/1918,UK,AIRCO DH4 DAY BOMBER,11,230.1818182,MAINZ,GERMANY,50.0,8.271111,
WWI,43,3/10/1918,UK,AIRCO DH4 DAY BOMBER,11,258.3636364,STUTTGART,GERMANY,48.766667,9.183333,
WWI,44,3/12/1918,UK,AIRCO DH4 DAY BOMBER,9,272.2222222,COBLENZ,GERMANY,50.3566962,7.5996166,
WWI,45,3/13/1918,UK,AIRCO DH4 DAY BOMBER,8,248.0,FREIBURQ,GERMANY,47.9971865,7.8537668,
WWI,46,3/16/1918,UK,AIRCO DH4 DAY BOMBER,7,268.2857143,ZWEIBRUCKEN,GERMANY,49.25,7.366667,
WWI,47,3/17/1918,UK,AIRCO DH4 DAY BOMBER,9,287.2222222,KAISERSLAUTERN,GERMANY,49.4446997,7.7690041,
WWI,48,3/18/1918,UK,AIRCO DH4 DAY BOMBER,9,260.6666667,MANNHEIM,GERMANY,49.488333,8.464722,
WWI,49,3/23/1918,UK,FE2B,12,328.1666667,METZ-SABLON,FRANCE,49.115461,6.175875,
WWI,50,3/23/1918,UK,FE2B,11,280.7272727,FRESCATY,FRANCE,49.115461,6.175875,
WWI,51,3/23/1918,UK,HADLEY PAGE O/100,1,1120.0,CONZ,GERMANY,49.7,6.583333,
WWI,52,3/24/1918,UK,AIRCO DH4 DAY BOMBER,12,256.9166667,LUDWIGSHAFEN,GERMANY,49.481111,8.435278,
WWI,53,3/24/1918,UK,FE2B,14,340.9285714,METZ & THIONVILLE,FRANCE,49.115461,6.175875,
WWI,54,3/24/1918,UK,HADLEY PAGE O/100,3,1194.666667,"COLOGNE, LUX, COURCELLES",GERMANY,50.9406645,6.9599115,
WWI,55,3/27/1918,UK,AIRCO DH4 DAY BOMBER,11,225.6363636,METZ,FRANCE,49.115461,6.175875,
WWI,56,3/28/1918,UK,AIRCO DH4 DAY BOMBER,12,225.5,LUXEMBOURG,LUXEMBOURG,49.75,6.16666,
WWI,57,4/5/1918,UK,AIRCO DH4 DAY BOMBER,11,224.0,LUXEMBOURG,LUXEMBOURG,49.75,6.16666,
WWI,58,4/11/1918,UK,AIRCO DH4 DAY BOMBER,11,224.0,LUXEMBOURG,LUXEMBOURG,49.75,6.16666,
WWI,59,4/12/1918,UK,AIRCO DH4 DAY BOMBER,11,224.0,METZ-SABLON,FRANCE,49.115461,6.175875,
WWI,60,4/12/1918,UK,FE2B,6,224.0,JUNIVILLE,GERMANY,49.3968459,4.38328,
WWI,61,4/12/1918,UK,HADLEY PAGE O/100,3,1344.0,"AMAGNE-LUCQUY, JUNIVILLE",FRANCE,49.517159,4.503726,
WWI,62,4/19/1918,UK,FE2B,6,261.3333333,JUNIVILLE,GERMANY,49.3968459,4.38328,
WWI,63,4/19/1918,UK,HADLEY PAGE O/100,3,1568.0,JUNIVILLE & BETHENVILLE,GERMANY,49.3968459,4.38328,
WWI,64,4/20/1918,UK,FE2B,7,304.0,"CHAULNES. ROYE, HAM",FRANCE,49.816994,2.800635,
WWI,65,4/20/1918,UK,HADLEY PAGE O/100,2,1568.0,CHAULNES,FRANCE,49.816994,2.800635,
WWI,66,4/21/1918,UK,FE2B,9,298.6666667,"AMAGNE-LUCQUY, JUNIVILLE",FRANCE,49.517159,4.503726,
WWI,67,5/2/1918,UK,AIRCO DH4 DAY BOMBER,11,225.0909091,THIONVILLE,FRANCE,49.356794,6.167606,
WWI,68,5/2/1918,UK,FE2B,9,224.0,"AMAGNE-LUCQUY, JUNIVILLE",FRANCE,49.517159,4.503726,
WWI,69,5/3/1918,UK,AIRCO DH4 DAY BOMBER,12,224.0,THIONVILLE,FRANCE,49.356794,6.167606,
WWI,70,5/3/1918,UK,FE2B,9,224.0,"JUNIVILLE, ASFELD, AMAGNE",GERMANY,49.3968459,4.38328,
WWI,71,5/15/1918,UK,AIRCO DH4 DAY BOMBER,12,224.0,THIONVILLE,FRANCE,49.356794,6.167606,
WWI,72,5/16/1918,UK,AIRCO DH4 DAY BOMBER,12,224.0,SAARBRUCKEN,GERMANY,49.233333,7.0,
WWI,73,5/17/1918,UK,AIRCO DH4 DAY BOMBER,12,224.0,METZ,FRANCE,49.115461,6.175875,
WWI,74,5/17/1918,UK,FE2B,10,224.0,"METZ, METZ-SABLON, THIONVILLE",FRANCE,49.115461,6.175875,
WWI,75,5/17/1918,UK,HADLEY PAGE O/100,1,1344.0,THIONVILLE,FRANCE,49.356794,6.167606,
WWI,76,5/18/1918,UK,AIRCO DH4 DAY BOMBER,5,278.4,COLOGNE,GERMANY,50.9406645,6.9599115,
WWI,77,5/20/1918,UK,AIRCO DH4 DAY BOMBER,10,225.8,LANDAU,GERMANY,49.193507,8.11288,
WWI,78,5/20/1918,UK,FE2B,11,224.0,"THIONVILLE, METZ-SABLON",FRANCE,49.356794,6.167606,
WWI,79,5/20/1918,UK,HADLEY PAGE O/100,6,1232.0,"THIONVILLE, METZ-SABLON, COBLENZ",FRANCE,49.356794,6.167606,
WWI,80,5/21/1918,UK,AIRCO DH4 DAY BOMBER,11,224.0,"CHARLEROI, NAMUR, METZ-SABLON",BELGIUM,50.4124306,4.4437222,
WWI,81,5/21/1918,UK,AIRCO DH9 DAY BOMBER,6,224.0,METZ-SABLON,FRANCE,49.115461,6.175875,
WWI,82,5/21/1918,UK,FE2B,15,216.5333333,SAARBRUCKEN. THIONVILLE,GERMANY,49.233333,7.0,
WWI,83,5/21/1918,UK,HADLEY PAGE O/100,7,1297.714286,"THIONVILLE, KARTHAUS",FRANCE,49.356794,6.167606,
WWI,84,5/22/1918,UK,AIRCO DH4 DAY BOMBER,11,224.0,KINKEMPOIS,BELGIUM,50.63042,5.60302,
WWI,85,5/22/1918,UK,AIRCO DH9 DAY BOMBER,6,224.0,METZ-SABLON,FRANCE,49.115461,6.175875,
WWI,86,5/22/1918,UK,FE2B,12,284.0,"KREUZWALD, SPITTEL",GERMANY,49.204987,6.6962469,
WWI,87,5/22/1918,UK,HADLEY PAGE O/100,5,1299.2,"KREUZWALD, MANNHEIM ",GERMANY,49.204987,6.6962469,
WWI,88,5/23/1918,UK,AIRCO DH9 DAY BOMBER,11,224.0,METZ-SABLON,FRANCE,49.115461,6.175875,
WWI,89,5/24/1918,UK,AIRCO DH9 DAY BOMBER,8,224.0,HAGENDINGEN,GERMANY,51.9691868,5.6653948,
WWI,90,5/27/1918,UK,AIRCO DH9 DAY BOMBER,10,212.8,BENSDORF,FRANCE,48.905388,6.759462,
WWI,91,5/27/1918,UK,FE2B,12,285.3333333,KREUZWALD. METZ-SABLON,GERMANY,49.204987,6.6962469,
WWI,92,5/27/1918,UK,HADLEY PAGE O/100,5,1344.0,"MANNHEIM, KREUZ, LANDAU, COURCELLES",GERMANY,49.488333,8.464722,
WWI,93,5/28/1918,UK,AIRCO DH9 DAY BOMBER,10,224.0,BENSDORF,FRANCE,48.905388,6.759462,
WWI,94,5/28/1918,UK,FE2B,3,288.0,METZ-SABLONS,FRANCE,49.115461,6.175875,
WWI,95,5/29/1918,UK,AIRCO DH4 DAY BOMBER,11,224.0,THIONVILLE,FRANCE,49.356794,6.167606,
WWI,96,5/29/1918,UK,AIRCO DH9 DAY BOMBER,6,224.0,METZ-SABLON,FRANCE,49.115461,6.175875,
WWI,97,5/30/1918,UK,AIRCO DH4 DAY BOMBER,12,224.0,THIONVILLE,FRANCE,49.356794,6.167606,
WWI,98,5/30/1918,UK,AIRCO DH9 DAY BOMBER,4,224.0,METZ-SABLON,FRANCE,49.115461,6.175875,
WWI,99,5/30/1918,UK,FE2B,6,288.0,METZ-SABLON,FRANCE,49.115461,6.175875,
WWI,101,5/31/1918,UK,AIRCO DH4 DAY BOMBER,11,224.0,KARLSRUHE,GERMANY,49.0080848,8.4037563,
WWI,102,5/31/1918,UK,AIRCO DH9 DAY BOMBER,11,203.6363636,METZ-SABLON,FRANCE,49.115461,6.175875,
WWI,103,5/31/1918,UK,FE2B,15,219.7333333,THIONVILLE & METZ,FRANCE,49.356794,6.167606,
WWI,105,6/1/1918,UK,AIRCO DH4 DAY BOMBER,11,203.6363636,KARTHAUS,ITALY,49.7022517,6.58261299,
WWI,106,6/1/1918,UK,AIRCO DH9 DAY BOMBER,6,890.6666667,METZ-SABLON,FRANCE,49.115461,6.175875,
WWI,107,6/2/1918,UK,AIRCO DH9 DAY BOMBER,10,224.0,METZ-SABLON,FRANCE,49.115461,6.175875,
WWI,108,6/3/1918,UK,AIRCO DH4 DAY BOMBER,7,224.0,LUXEMBOURG,LUXEMBOURG,49.75,6.16666,
WWI,109,6/3/1918,UK,FE2B,2,227.0,METZ,FRANCE,49.115461,6.175875,
WWI,110,6/4/1918,UK,AIRCO DH4 DAY BOMBER,12,224.5,TREVES & CONZ,FRANCE,45.538718,4.675828,
WWI,111,6/4/1918,UK,AIRCO DH9 DAY BOMBER,10,224.0,METZ-SABLON,FRANCE,49.115461,6.175875,
WWI,112,6/5/1918,UK,FE2B,7,235.5714286,METZ-SABLON,FRANCE,49.115461,6.175875,
WWI,113,6/5/1918,UK,HADLEY PAGE O/100,7,1312.0,METZ & THIONVILIE,FRANCE,49.115461,6.175875,
WWI,114,6/6/1918,UK,AIRCO DH4 DAY BOMBER,10,224.6,COBLENZ,GERMANY,50.3566962,7.5996166,
WWI,115,6/6/1918,UK,AIRCO DH9 DAY BOMBER,5,224.0,THIONVILLE,FRANCE,49.356794,6.167606,
WWI,116,6/6/1918,UK,FE2B,10,239.5,"THIONVILLE, METZ-SABLON, MAIZIERES",FRANCE,49.356794,6.167606,
WWI,117,6/6/1918,UK,HADLEY PAGE O/100,6,1344.0,"THIONVILLE, MOULIN-IES-METZ",FRANCE,49.356794,6.167606,
WWI,118,6/7/1918,UK,AIRCO DH4 DAY BOMBER,9,212.2222222,CONZ,GERMANY,49.7,6.583333,
WWI,119,6/7/1918,UK,AIRCO DH9 DAY BOMBER,4,227.0,THIONVILLE,FRANCE,49.356794,6.167606,
WWI,120,6/8/1918,UK,AIRCO DH4 DAY BOMBER,11,245.2727273,THIONVILLE,FRANCE,49.356794,6.167606,
WWI,121,6/8/1918,UK,AIRCO DH9 DAY BOMBER,9,227.3333333,HAGENDINGEN,GERMANY,51.9691868,5.6653948,
WWI,122,6/8/1918,UK,AIRCO DH9 DAY BOMBER,9,226.6666667,METZ-SABLON,FRANCE,49.115461,6.175875,
WWI,123,6/9/1918,UK,AIRCO DH9 DAY BOMBER,12,228.0,DILLINGEN,AUSTRIA,48.5812458,10.4953485,
WWI,124,6/9/1918,UK,AIRCO DH9 DAY BOMBER,6,227.0,HAGENDINGEN,GERMANY,51.9691868,5.6653948,
WWI,125,6/12/1918,USA,BREGUET 14 B2,8,176.0,DOMMARY-BARONCOURT,FRANCE,49.284483,5.700448,8 KILO BOMBS
WWI,126,6/12/1918,UK,AIRCO DH9 DAY BOMBER,6,456.0,METZ-SABLON,FRANCE,49.115461,6.175875,
WWI,127,6/12/1918,UK,AIRCO DH9 DAY BOMBER,11,217.6363636,METZ-SABLON,FRANCE,49.115461,6.175875,
WWI,128,6/13/1918,UK,AIRCO DH4 DAY BOMBER,12,249.8333333,TREVES,FRANCE,45.538718,4.675828,
WWI,129,6/13/1918,UK,AIRCO DH9 DAY BOMBER,9,228.0,DILLINGEN,AUSTRIA,48.5812458,10.4953485,
WWI,130,6/13/1918,UK,AIRCO DH9 DAY BOMBER,8,228.5,HAGENDINGEN,GERMANY,51.9691868,5.6653948,
WWI,131,6/14/1918,USA,BREGUET 14 B2,5,278.08,CONFLANS,FRANCE,49.164419,5.875534,8 KILO BOMBS
WWI,132,6/18/1918,USA,BREGUET 14 B2,5,308.0,CONFLANS,FRANCE,49.165617,5.879407,115 MM
WWI,133,6/23/1918,UK,AIRCO DH4 DAY BOMBER,11,238.3636364,METZ-SABLON,FRANCE,49.115461,6.175875,
WWI,134,6/23/1918,UK,AIRCO DH9 DAY BOMBER,12,228.0,METZ-SABLON,FRANCE,49.115461,6.175875,
WWI,135,6/23/1918,UK,AIRCO DH9 DAY BOMBER,10,227.6,METZ-SABLON,FRANCE,49.115461,6.175875,
WWI,136,6/23/1918,UK,HADLEY PAGE O/400,5,2019.6,BOULAY. EHRANG,FRANCE,48.152448,2.202988,
WWI,137,6/24/1918,UK,AIRCO DH4 DAY BOMBER,10,232.8,METZ-SABLON & DILLINQEN,FRANCE,49.115461,6.175875,
WWI,138,6/24/1918,UK,AIRCO DH9 DAY BOMBER,10,227.6,DILLINGEN & SAARBRUCKEN,AUSTRIA,48.5812458,10.4953485,
WWI,139,6/24/1918,UK,AIRCO DH9 DAY BOMBER,9,228.0,SAARBRUCKEN,GERMANY,49.233333,7.0,
WWI,140,6/25/1918,USA,BREGUET 14 B2,4,352.0,CONFLANS,FRANCE,49.159152,5.887354,115 MM
WWI,141,6/25/1918,UK,AIRCO DH9 DAY BOMBER,7,227.4285714,KARLSRUHE,GERMANY,49.0080848,8.4037563,
WWI,142,6/25/1918,UK,FE2B,15,316.4666667,BOULAY,FRANCE,48.152448,2.202988,
WWI,143,6/25/1918,UK,HADLEY PAGE O/100,5,1344.0,METZ-SABLON,FRANCE,49.115461,6.175875,
WWI,144,6/26/1918,UK,AIRCO DH4 DAY BOMBER,10,253.2,KARISRUHE,GERMANY,49.0080848,8.4037563,
WWI,145,6/26/1918,UK,AIRCO DH9 DAY BOMBER,6,227.0,KARLSRUHE,GERMANY,49.0080848,8.4037563,
WWI,146,6/26/1918,UK,AIRCO DH9 DAY BOMBER,3,228.0,KARLSRUHE,GERMANY,49.0080848,8.4037563,
WWI,147,6/26/1918,UK,FE2B,6,310.0,BOULAY,FRANCE,48.152448,2.202988,
WWI,148,6/26/1918,UK,HADLEY PAGE O/400,4,1344.0,"BOULAY, MANNHEIM, SAARBRUCKEN",FRANCE,48.152448,2.202988,
WWI,149,6/27/1918,UK,AIRCO DH4 DAY BOMBER,11,238.9090909,THIONVILLE,FRANCE,49.356794,6.167606,
WWI,150,6/27/1918,UK,AIRCO DH9 DAY BOMBER,11,227.8181818,THIONVILLE,FRANCE,49.356794,6.167606,
WWI,151,6/27/1918,UK,AIRCO DH9 DAY BOMBER,5,226.4,THIONVILLE,FRANCE,49.356794,6.167606,
WWI,152,6/27/1918,UK,FE2B,5,309.6,"BOULAY, METZ-SABLON, CONTILLON",FRANCE,48.152448,2.202988,
WWI,153,6/28/1918,UK,AIRCO DH9 DAY BOMBER,9,206.2222222,FRESCATY,FRANCE,49.115461,6.175875,
WWI,154,6/29/1918,UK,AIRCO DH4 DAY BOMBER,10,236.4,MANNHEIM,GERMANY,49.488333,8.464722,
WWI,155,6/29/1918,UK,FE2B,12,317.0,"FRESCATY, BOULAY",FRANCE,49.115461,6.175875,
WWI,156,6/29/1918,UK,HADLEY PAGE O/100,6,1325.333333,"MANNHEIM, THIONVILLE, METZ-SABLON",GERMANY,49.488333,8.464722,
WWI,157,6/30/1918,UK,AIRCO DH4 DAY BOMBER,8,231.75,HAGENAU,GERMANY,48.813288,7.79125,
WWI,158,6/30/1918,UK,AIRCO DH9 DAY BOMBER,6,227.0,HAGENAU,GERMANY,48.813288,7.79125,
WWI,159,6/30/1918,UK,AIRCO DH9 DAY BOMBER,9,252.8888889,LANDAU,GERMANY,49.193507,8.11288,
WWI,160,6/30/1918,UK,FE2B,14,281.7142857,"BOULAY, THIONVILLE, REMILLY",FRANCE,48.152448,2.202988,
WWI,161,6/30/1918,UK,HADLEY PAGE O/100,7,1344.0,MANNHEIM,GERMANY,49.488333,8.464722,
WWI,162,7/1/1918,UK,AIRCO DH4 DAY BOMBER,11,220.0,"KARTHAUS, TREVES",ITALY,49.7022517,6.58261299,
WWI,163,7/1/1918,UK,AIRCO DH9 DAY BOMBER,6,226.0,KARTHAUS,ITALY,49.7022517,6.58261299,
WWI,164,7/1/1918,UK,AIRCO DH9 DAY BOMBER,4,340.5,METZ-SABLON,FRANCE,49.115461,6.175875,
WWI,165,7/1/1918,UK,FE2B,14,235.1428571,BOULAY AND FALKENBURG,FRANCE,48.152448,2.202988,
WWI,166,7/1/1918,UK,HADLEY PAGE O/100,5,1344.0,MANNHEIM & THIONVILLE,GERMANY,49.488333,8.464722,
WWI,167,7/2/1918,UK,AIRCO DH4 DAY BOMBER,9,230.8888889,COBLENZ,GERMANY,50.3566962,7.5996166,
WWI,168,7/2/1918,UK,AIRCO DH9 DAY BOMBER,6,228.0,TREVES,FRANCE,45.538718,4.675828,
WWI,169,7/3/1918,UK,AIRCO DH9 DAY BOMBER,4,206.0,BUHL,FRANCE,48.915636,8.007115,
WWI,170,7/5/1918,UK,AIRCO DH4 DAY BOMBER,11,237.2727273,COBLENZ,GERMANY,50.3566962,7.5996166,
WWI,171,7/5/1918,UK,AIRCO DH9 DAY BOMBER,6,218.6666667,SAARBRUCKEN,GERMANY,49.233333,7.0,
WWI,172,7/5/1918,UK,AIRCO DH9 DAY BOMBER,4,227.0,ARRAS,FRANCE,50.291002,2.777535,
WWI,173,7/6/1918,UK,AIRCO DH4 DAY BOMBER,12,231.1666667,METZ-SABLON,FRANCE,49.115461,6.175875,
WWI,174,7/6/1918,UK,AIRCO DH9 DAY BOMBER,6,227.0,METZ-SABLON,FRANCE,49.115461,6.175875,
WWI,175,7/6/1918,UK,AIRCO DH9 DAY BOMBER,6,283.0,METZ-SABLON,FRANCE,49.115461,6.175875,
WWI,176,7/6/1918,UK,FE2B,9,274.2222222,SAARBURG & MAME CANAL,GERMANY,49.133333,9.983333,
WWI,177,7/6/1918,UK,HADLEY PAGE O/100,3,1344.0,METZ-SABLON,FRANCE,49.115461,6.175875,
WWI,178,7/7/1918,UK,AIRCO DH9 DAY BOMBER,6,227.0,KAISERSLAUTERN,GERMANY,49.4446997,7.7690041,
WWI,179,7/7/1918,UK,AIRCO DH9 DAY BOMBER,5,226.4,KAISERSLAUTERN,GERMANY,49.4446997,7.7690041,
WWI,181,7/8/1918,UK,AIRCO DH9 DAY BOMBER,6,212.0,BUHL,FRANCE,48.915636,8.007115,
WWI,182,7/8/1918,UK,AIRCO DH9 DAY BOMBER,4,206.0,BUHL,FRANCE,48.915636,8.007115,
WWI,183,7/8/1918,UK,AIRCO DH9 DAY BOMBER,4,206.0,BUHL,FRANCE,48.915636,8.007115,
WWI,184,7/8/1918,UK,FE2B,11,284.7272727,"BOULAY, VALLIERES, FALKNBRG",FRANCE,48.152448,2.202988,
WWI,185,7/8/1918,UK,HADLEY PAGE O/400,3,1306.666667,FREISDORF & BOULAY,GERMANY,52.823785,8.8519121,
WWI,186,7/10/1918,USA,BREGUET 14 B2,6,0.0,CONFLANS,FRANCE,49.159152,5.887354,115 MM
WWI,187,7/11/1918,UK,AIRCO DH4 DAY BOMBER,12,231.5,OFFENBURG,GERMANY,48.45,7.916667,
WWI,188,7/11/1918,UK,FE2B,10,250.3,"BOULAY, ST AUOLD",FRANCE,48.152448,2.202988,
WWI,189,7/11/1918,UK,HADLEY PAGE O/100,4,1344.0,FREISDORF & BOULAY,GERMANY,52.823785,8.8519121,
WWI,190,7/12/1918,UK,AIRCO DH4 DAY BOMBER,10,231.4,SAARBRUCKEN,GERMANY,49.233333,7.0,
WWI,191,7/15/1918,UK,AIRCO DH4 DAY BOMBER,11,227.6363636,OFFENBURG,GERMANY,48.45,7.916667,
WWI,192,7/15/1918,UK,AIRCO DH9 DAY BOMBER,7,227.4285714,BUHL,FRANCE,48.915636,8.007115,
WWI,193,7/16/1918,UK,AIRCO DH4 DAY BOMBER,6,235.3333333,THIONVILLE,FRANCE,49.356794,6.167606,
WWI,194,7/16/1918,UK,AIRCO DH9 DAY BOMBER,12,226.5,THIONVILLE,FRANCE,49.356794,6.167606,
WWI,195,7/16/1918,UK,FE2B,12,255.3333333,HAGENDINGEN & HAM,GERMANY,51.9691868,5.6653948,
WWI,196,7/16/1918,UK,HADLEY PAGE O/100,3,1344.0,SAARBRUCKEN & DIEUZE,GERMANY,49.233333,7.0,
WWI,197,7/17/1918,UK,AIRCO DH4 DAY BOMBER,11,230.7272727,THIONVILLE,FRANCE,49.356794,6.167606,
WWI,198,7/17/1918,UK,AIRCO DH9 DAY BOMBER,6,225.0,THIONVILLE,FRANCE,49.356794,6.167606,
WWI,199,7/18/1918,UK,FE2B,11,471.8181818,"BOULAY, FALKENBURG",FRANCE,48.152448,2.202988,
WWI,200,7/18/1918,UK,HADLEY PAGE O/100,6,1273.333333,"SAARBRUCKEN, MANNHEIM",GERMANY,49.233333,7.0,
WWI,201,7/19/1918,UK,AIRCO DH4 DAY BOMBER,8,239.5,OBERNDORF,GERMANY,48.033333,12.083333,
WWI,202,7/19/1918,UK,FE2B,14,347.7142857,"BOULAY, FREISDORF, SAAR",FRANCE,48.152448,2.202988,
WWI,203,7/19/1918,UK,HADLEY PAGE O/100,5,1344.0,MANNHEIM & SAARBRUCKEN,GERMANY,49.488333,8.464722,
WWI,204,7/20/1918,UK,AIRCO DH4 DAY BOMBER,11,231.6363636,OBERNDORF,GERMANY,48.033333,12.083333,
WWI,205,7/20/1918,UK,AIRCO DH9 DAY BOMBER,10,227.0,OFFENBURG,GERMANY,48.45,7.916667,
WWI,206,7/21/1918,UK,FE2B,17,298.2352941,"BOULAY, FREISDORF",FRANCE,48.152448,2.202988,
WWI,207,7/21/1918,UK,HADLEY PAGE O/100,4,1400.0,"MANNHEIM, ZWEIBRKN",GERMANY,49.488333,8.464722,
WWI,208,7/22/1918,UK,AIRCO DH4 DAY BOMBER,10,230.2,ROTTWEIL,GERMANY,48.1666854,8.6279301,
WWI,209,7/22/1918,UK,AIRCO DH9 DAY BOMBER,12,227.0,OFTENBURG,GERMANY,48.45,7.916667,
WWI,210,7/22/1918,UK,FE2B,15,226.8,BOULAY AND LESSE,FRANCE,48.152448,2.202988,
WWI,211,7/22/1918,UK,HADLEY PAGE O/100,2,1348.0,"VAHL EBERSING, MORHANGE",FRANCE,49.049131,6.754021,
WWI,212,7/25/1918,UK,FE2B,17,280.4705882,"BOULAY, FREISDORF, MORHANGE",FRANCE,48.152448,2.202988,
WWI,213,7/25/1918,UK,HADLEY PAGE O/100,8,1430.125,"OFFENBURG, BUHL",GERMANY,48.45,7.916667,
WWI,214,7/29/1918,UK,FE2B,9,291.7777778,"BOULAY, MORHANGE, REMILLY",FRANCE,48.152448,2.202988,
WWI,215,7/29/1918,UK,HADLEY PAGE O/100,7,1424.0,STUTTGART,GERMANY,48.766667,9.183333,
WWI,216,7/30/1918,UK,AIRCO DH4 DAY BOMBER,10,236.4,OFFENBURG,GERMANY,48.45,7.916667,
WWI,217,7/30/1918,UK,AIRCO DH9 DAY BOMBER,8,226.25,LAHR,GERMANY,48.3427939,7.8775617,
WWI,218,7/30/1918,UK,HADLEY PAGE O/100,4,1568.0,STUTTGART & HAGENAU,GERMANY,48.766667,9.183333,
WWI,219,7/31/1918,UK,AIRCO DH4 DAY BOMBER,10,235.8,COBLENZ,GERMANY,50.3566962,7.5996166,
WWI,220,7/31/1918,UK,AIRCO DH9 DAY BOMBER,5,272.4,SAARBRUCKEN,GERMANY,49.233333,7.0,
WWI,221,7/31/1918,UK,AIRCO DH9 DAY BOMBER,12,209.3333333,SAARBRUCKEN,GERMANY,49.233333,7.0,
WWI,222,8/1/1918,USA,BREGUET 14 B2,9,234.6666667,CONFLANS,FRANCE,49.162052,5.887931,115 MM
WWI,223,8/1/1918,UK,AIRCO DH4 DAY BOMBER,11,214.3636364,DUREN,GERMANY,50.7998461,6.486958,
WWI,224,8/1/1918,UK,AIRCO DH9 DAY BOMBER,10,228.2,TREVES,FRANCE,45.538718,4.675828,
WWI,225,8/8/1918,UK,AIRCO DH4 DAY BOMBER,11,214.9090909,WALLINGEN,FRANCE,49.268728,6.105488,
WWI,226,8/11/1918,USA,BREGUET 14 B2,9,127.1111111,LONGUYON,FRANCE,49.454543,5.605391,115 MM
WWI,227,8/11/1918,UK,AIRCO DH4 DAY BOMBER,4,225.5,BUHL AND METZ-SABLON,FRANCE,48.915636,8.007115,
WWI,228,8/11/1918,UK,AIRCO DH9 DAY BOMBER,10,250.6,KARLSRUHE,GERMANY,49.0080848,8.4037563,
WWI,229,8/11/1918,UK,FE2B,2,312.0,MORHANGE,FRANCE,48.924444,6.6363888,
WWI,230,8/11/1918,UK,HADLEY PAGE O/100,1,1344.0,BUHL,FRANCE,48.915636,8.007115,
WWI,231,8/12/1918,USA,BREGUET 14 B2,6,220.0,CONFLANS,FRANCE,49.167381,5.873951,115 MM
WWI,232,8/12/1918,UK,AIRCO DH4 DAY BOMBER,12,229.6666667,FRANKFURT,GERMANY,50.1114451,8.6806154,
WWI,233,8/12/1918,UK,AIRCO DH9 DAY BOMBER,11,227.2727273,HAGENAU,GERMANY,48.813288,7.79125,
WWI,234,8/12/1918,UK,FE2B,11,285.6363636,"DIEUZE, MORHANGE, FALKENBURG",FRANCE,48.810313,6.71757,
WWI,235,8/13/1918,USA,BREGUET 14 B2,7,276.5714286,DOMMARY-BARONCOURT,FRANCE,49.280308,5.708111,115 MM
WWI,236,8/13/1918,UK,AIRCO DH4 DAY BOMBER,10,230.8,BUHL,FRANCE,48.915636,8.007115,
WWI,237,8/13/1918,UK,AIRCO DH9 DAY BOMBER,11,227.2727273,THIONVILLE,FRANCE,49.356794,6.167606,
WWI,238,8/13/1918,UK,FE2B,9,266.0,"BUHL, MORHANGE",FRANCE,48.915636,8.007115,
WWI,239,8/13/1918,UK,HADLEY PAGE O/100,1,1207.0,THIONVILLE,FRANCE,49.356794,6.167606,
WWI,240,8/14/1918,USA,BREGUET 14 B2,5,211.2,LONGUYON,FRANCE,49.443273,5.604436,115 MM
WWI,241,8/14/1918,USA,BREGUET 14 B2,7,301.7142857,DOMMARY-BARONCOURT,FRANCE,49.278345,5.699679,115 MM
WWI,242,8/14/1918,UK,AIRCO DH4 DAY BOMBER,10,224.6,OFFENBURG,GERMANY,48.45,7.916667,
WWI,243,8/14/1918,UK,FE2B,12,288.5,BUHL,FRANCE,48.915636,8.007115,
WWI,244,8/14/1918,UK,HADLEY PAGE O/100,8,1372.0,"BUHL, SAARBURG, ST AUOLD",FRANCE,48.915636,8.007115,
WWI,245,8/15/1918,USA,BREGUET 14 B2,6,249.3333333,DOMMARY-BARONCOURT,FRANCE,49.278926,5.70765,115 MM
WWI,246,8/15/1918,USA,BREGUET 14 B2,5,176.0,CONFLANS,FRANCE,49.16557,5.878078,115 MM
WWI,247,8/15/1918,UK,AIRCO DH9 DAY BOMBER,4,227.0,BOULAY,FRANCE,48.152448,2.202988,
WWI,248,8/15/1918,UK,AIRCO DH9 DAY BOMBER,11,225.0909091,BOULAY,FRANCE,48.152448,2.202988,
WWI,249,8/15/1918,UK,FE2B,10,312.0,"BOULAY, FREISDORF, BUHL,",FRANCE,48.152448,2.202988,
WWI,250,8/15/1918,UK,HADLEY PAGE O/100,8,1204.0,"BOULAY, MANN, SAARBRUCKEN, BUHL",GERMANY,48.152448,2.202988,
WWI,251,8/16/1918,USA,BREGUET 14 B2,8,264.0,DOMMARY-BARONCOURT,FRANCE,49.27886,5.725872,115 MM
WWI,252,8/16/1918,UK,AIRCO DH4 DAY BOMBER,7,288.8571429,DARMSTADT,GERMANY,49.870556,8.649444,
WWI,253,8/16/1918,UK,FE2B,7,337.0,"BUHL, BOUL, MORHANGE REMILLY",FRANCE,48.915636,8.007115,
WWI,254,8/16/1918,UK,HADLEY PAGE O/100,2,1232.0,"BOULAY, SAARBURG",FRANCE,48.152448,2.202988,
WWI,255,8/17/1918,UK,FE2B,9,312.0,"FREISDORF, MORHANGE BOULAY",GERMANY,52.823785,8.8519121,
WWI,256,8/17/1918,UK,HADLEY PAGE O/100,7,1256.285714,"SAARBURG, FORBACH",GERMANY,49.133333,9.983333,
WWI,257,8/18/1918,UK,FE2B,7,312.0,"BOULAY, MORHANGE",FRANCE,48.152448,2.202988,
WWI,258,8/18/1918,UK,HADLEY PAGE O/100,5,1366.4,"SAARBRUCKCN, BUHL, BOULAY",GERMANY,49.233333,7.0,
WWI,259,8/19/1918,UK,HADLEY PAGE O/400,3,1418.666667,METZ-SABLON,FRANCE,49.115461,6.175875,
WWI,260,8/19/1918,UK,FE2B,9,274.6666667,"BOULAY, MORHANGE AVRICOURT",FRANCE,48.152448,2.202988,
WWI,261,8/19/1918,UK,HADLEY PAGE O/100,2,1232.0,"MORHANGE, BOULAY",FRANCE,48.924444,6.6363888,
WWI,264,8/20/1918,UK,AIRCO DH9 DAY BOMBER,1,224.0,DILLENGEN,AUSTRIA,48.5812458,10.4953485,
WWI,265,8/20/1918,UK,HADLEY PAGE O/400,5,1523.2,"METZ-SABLON, BUHL",FRANCE,49.115461,6.175875,
WWI,266,8/20/1918,UK,FE2B,7,312.0,"BOULAY, MORHANGE",FRANCE,48.152448,2.202988,
WWI,267,8/20/1918,UK,HADLEY PAGE O/100,2,1344.0,BOULAY,FRANCE,48.152448,2.202988,
WWI,268,8/21/1918,USA,BREGUET 14 B2,6,396.0,LONGUYON,FRANCE,49.444184,5.604644,45 KILO BOMB
WWI,269,8/21/1918,USA,BREGUET 14 B2,6,58.66666667,LONGUYON,FRANCE,49.444184,5.604644,115 MM
WWI,270,8/21/1918,USA,BREGUET 14 B2,7,226.2857143,AUDEN-LE-ROMAN,FRANCE,49.365613,5.898693,45 KILO BOMB
WWI,271,8/21/1918,USA,BREGUET 14 B2,7,50.28571429,AUDEN-LE-ROMAN,FRANCE,49.365613,5.898693,115 MM
WWI,272,8/21/1918,UK,HADLEY PAGE O/400,5,1680.0,"BUHL, MORHANGE, LORQUIN",FRANCE,48.915636,8.007115,
WWI,273,8/21/1918,UK,FE2B,6,312.0,"MORHANGE, BUHL",FRANCE,48.924444,6.6363888,
WWI,274,8/21/1918,UK,HADLEY PAGE O/100,7,1227.714286,"COLOQNE, FRANK, BOUL, TREVES",GERMANY,50.9406645,6.9599115,
WWI,275,8/22/1918,USA,BREGUET 14 B2,7,188.5714286,CONFLANS,FRANCE,49.167418,5.869652,155 MM DEMOLITION
WWI,276,8/22/1918,USA,BREGUET 14 B2,7,163.4285714,CONFLANS,FRANCE,49.167418,5.869652,115 MM
WWI,277,8/22/1918,UK,AIRCO DH4 DAY BOMBER,8,252.75,COBIENZ. WHITLICK,GERMANY,50.3566962,7.5996166,
WWI,278,8/22/1918,UK,AIRCO DH9 DAY BOMBER,4,228.5,HAGENAU,GERMANY,48.813288,7.79125,
WWI,279,8/22/1918,UK,AIRCO DH9 DAY BOMBER,10,273.6,MANNHEIM,GERMANY,49.488333,8.464722,
WWI,280,8/22/1918,UK,HADLEY PAGE O/400,2,1624.0,"FOLPERSWEILER, HERZING",GERMANY,49.12558134,7.118926,
WWI,281,8/22/1918,UK,FE2B,6,312.0,"FOLPERSWEILER, AVRICT, SAARBRUCKEN",GERMANY,49.12558134,7.118926,
WWI,282,8/22/1918,UK,HADLEY PAGE O/400,8,1780.5,FOLPERSWEILER,GERMANY,49.12558134,7.118926,
WWI,283,8/23/1918,USA,BREGUET 14 B2,8,220.0,CONFLANS,FRANCE,49.168644,5.868651,155 MM DEMOLITION
WWI,284,8/23/1918,USA,BREGUET 14 B2,8,110.0,CONFLANS,FRANCE,49.168644,5.868651,115 MM
WWI,285,8/23/1918,USA,BREGUET 14 B2,6,403.3333333,CONFLANS,FRANCE,49.167533,5.876031,155 MM DEMOLITION
WWI,286,8/23/1918,USA,BREGUET 14 B2,6,183.3333333,CONFLANS,FRANCE,49.167533,5.876031,155 MM DEMOLITION
WWI,287,8/23/1918,UK,AIRCO DH9 DAY BOMBER,12,180.4166667,BUHL,FRANCE,48.915636,8.007115,
WWI,288,8/23/1918,UK,AIRCO DH4 DAY BOMBER,10,224.6,TREVES,FRANCE,45.538718,4.675828,
WWI,289,8/23/1918,UK,FE2B,3,730.6666667,BOULAY,FRANCE,48.152448,2.202988,
WWI,290,8/24/1918,UK,HADLEY PAGE O/100,2,1059.0,"FRANKFURT, BOULAY",GERMANY,50.1114451,8.6806154,
WWI,291,8/25/1918,USA,BREGUET 14 B2,7,188.5714286,CONFLANS,FRANCE,49.167287,5.870852,155 MM DEMOLITION
WWI,292,8/25/1918,USA,BREGUET 14 B2,7,176.0,CONFLANS,FRANCE,49.167287,5.870852,115 MM
WWI,293,8/25/1918,USA,BREGUET 14 B2,2,660.0,LONGUYON,FRANCE,49.446067,5.608248,155 MM DEMOLITION
WWI,294,8/25/1918,USA,BREGUET 14 B2,2,572.0,LONGUYON,FRANCE,49.446067,5.608248,115 MM
WWI,295,8/25/1918,UK,AIRCO DH4 DAY BOMBER,9,224.6666667,"MORHANGE, LUXEMBOURG",FRANCE,48.924444,6.6363888,
WWI,296,8/25/1918,UK,AIRCO DH4 DAY BOMBER,9,234.4444444,SAARBRUCKEN,GERMANY,49.233333,7.0,
WWI,297,8/25/1918,UK,AIRCO DH9 DAY BOMBER,12,227.5,BETTEMBOURG,LUXEMBOURG,49.5177146,6.1043747,
WWI,298,8/25/1918,UK,AIRCO DH9 DAY BOMBER,11,227.8181818,ORENBURG,GERMANY,48.45,7.916667,
WWI,299,8/25/1918,UK,HADLEY PAGE O/400,3,847.3333333,BOULAY,FRANCE,48.152448,2.202988,
WWI,300,8/25/1918,UK,HADLEY PAGE O/400,5,2067.0,"MANNHEIM, BOULAY",GERMANY,49.488333,8.464722,
WWI,301,8/27/1918,UK,AIRCO DH4 DAY BOMBER,10,224.0,CONFLANS,FRANCE,49.1641817,5.872321129,
WWI,302,8/27/1918,UK,AIRCO DH9 DAY BOMBER,6,227.0,BUHL,FRANCE,48.915636,8.007115,
WWI,303,8/30/1918,USA,BREGUET 14 B2,9,195.5555556,CONFLANS,FRANCE,49.159182,5.871589,155 MM DEMOLITION
WWI,304,8/30/1918,USA,BREGUET 14 B2,9,156.4444444,CONFLANS,FRANCE,49.159182,5.871589,115 MM
WWI,305,8/30/1918,USA,BREGUET 14 B2,7,301.7142857,DOMMARY-BARONCOURT,FRANCE,49.286222,5.699383,115 MM
WWI,306,8/30/1918,USA,BREGUET 14 B2,7,62.85714286,DOMMARY-BARONCOURT,FRANCE,49.286222,5.699383,155 MM DEMOLITION
WWI,307,8/30/1918,USA,BREGUET 14 B2,6,293.3333333,CONFLANS,FRANCE,49.167058,5.867188,115 MM
WWI,308,8/30/1918,USA,BREGUET 14 B2,6,36.66666667,CONFLANS,FRANCE,49.167058,5.867188,155 MM DEMOLITION
WWI,309,8/30/1918,UK,AIRCO DH4 DAY BOMBER,11,224.0,"CONFLANS, THIONVILLE",FRANCE,49.16768,5.848631,
WWI,310,8/30/1918,UK,AIRCO DH9 DAY BOMBER,11,221.8181818,"CONFLANS, DONCOURT",FRANCE,49.16768,5.848631,
WWI,311,8/30/1918,UK,HADLEY PAGE O/400,3,1406.666667,"BOULAY, MORHANGE",FRANCE,48.152448,2.202988,
WWI,312,8/30/1918,UK,FE2B,5,814.4,BOULAY,FRANCE,48.152448,2.202988,
WWI,313,8/30/1918,UK,HADLEY PAGE O/400,6,2058.666667,BOULAY,FRANCE,48.152448,2.202988,
WWI,314,8/30/1918,UK,HADLEY PAGE O/400,1,1568.0,BOULAY,FRANCE,48.152448,2.202988,
WWI,315,9/2/1918,USA,BREGUET 14 B2,6,183.3333333,AUDEN-LE-ROMAN,FRANCE,49.367587,5.895311,155 MM DEMOLITION
WWI,316,9/2/1918,USA,BREGUET 14 B2,6,161.3333333,AUDEN-LE-ROMAN,FRANCE,49.367587,5.895311,115 MM
WWI,317,9/2/1918,USA,BREGUET 14 B2,7,176.0,LONGUYON,FRANCE,49.442119,5.610081,115 MM
WWI,318,9/2/1918,USA,BREGUET 14 B2,7,157.1428571,LONGUYON,FRANCE,49.442119,5.610081,155 MM DEMOLITION
WWI,319,9/2/1918,UK,AIRCO DH4 DAY BOMBER,20,219.0,BUHL (0930 & 1520),FRANCE,48.915636,8.007115,
WWI,320,9/2/1918,UK,AIRCO DH9 DAY BOMBER,23,227.0434783,BUHL (0900 & 1530),FRANCE,48.915636,8.007115,
WWI,321,9/2/1918,UK,AIRCO DH9 DAY BOMBER,21,206.0952381,BUHL (0925 & 1540),FRANCE,48.915636,8.007115,
WWI,322,9/2/1918,UK,HADLEY PAGE O/400,5,1130.8,BUHL,FRANCE,48.915636,8.007115,
WWI,323,9/2/1918,UK,HADLEY PAGE O/400,2,1512.0,BOULAY,FRANCE,48.152448,2.202988,
WWI,324,9/2/1918,UK,HADLEY PAGE O/400,9,2169.777778,"BUHL, EHRANG",FRANCE,48.915636,8.007115,
WWI,325,9/2/1918,UK,HADLEY PAGE O/400,8,1517.125,"SAARBRUCKEN, BOULAY",GERMANY,49.233333,7.0,
WWI,326,9/3/1918,USA,BREGUET 14 B2,6,256.6666667,LONGUYON,FRANCE,49.441015,5.607775,155 MM DEMOLITION
WWI,327,9/3/1918,USA,BREGUET 14 B2,6,220.0,LONGUYON,FRANCE,49.441015,5.607775,115 MM
WWI,328,9/3/1918,USA,BREGUET 14 B2,6,220.0,CONFLANS,FRANCE,49.162052,5.887923,155 MM DEMOLITION
WWI,329,9/3/1918,USA,BREGUET 14 B2,6,161.3333333,CONFLANS,FRANCE,49.162052,5.887923,115 MM
WWI,330,9/3/1918,UK,AIRCO DH9 DAY BOMBER,11,226.9090909,MORHANQE,FRANCE,48.924444,6.6363888,
WWI,331,9/3/1918,UK,AIRCO DH9 DAY BOMBER,12,203.0,MORHANGE,FRANCE,48.924444,6.6363888,
WWI,332,9/3/1918,UK,HADLEY PAGE O/400,4,1393.25,BOULAY,FRANCE,48.152448,2.202988,
WWI,333,9/3/1918,UK,HADLEY PAGE O/400,3,1568.0,MORHANQE,FRANCE,48.924444,6.6363888,
WWI,334,9/3/1918,UK,HADLEY PAGE O/400,2,2042.0,MORHANGE,FRANCE,48.924444,6.6363888,
WWI,335,9/3/1918,UK,HADLEY PAGE O/400,7,1565.142857,"MORHANGE, BOULAY",FRANCE,48.924444,6.6363888,
WWI,336,9/4/1918,USA,BREGUET 14 B2,8,187.0,CONFLANS,FRANCE,49.168628,5.883966,115 MM
WWI,337,9/4/1918,USA,BREGUET 14 B2,8,165.0,CONFLANS,FRANCE,49.168628,5.883966,155 MM DEMOLITION
WWI,338,9/4/1918,UK,AIRCO DH4 DAY BOMBER,9,224.6666667,BUHL,FRANCE,48.915636,8.007115,
WWI,339,9/4/1918,UK,AIRCO DH9 DAY BOMBER,10,224.6,MORHANGE,FRANCE,48.924444,6.6363888,
WWI,340,9/4/1918,UK,AIRCO DH9 DAY BOMBER,13,227.6923077,MORHANGE,FRANCE,48.924444,6.6363888,
WWI,341,9/6/1918,UK,HADLEY PAGE O/400,1,1456.0,LORQUIN,FRANCE,48.668822,6.994674,
WWI,343,9/6/1918,UK,HADLEY PAGE O/400,2,1568.0,LORQUIN,FRANCE,48.668822,6.994674,
WWI,344,9/7/1918,UK,AIRCO DH4 DAY BOMBER,6,227.0,EHRANG,GERMANY,49.815713,6.695214,
WWI,345,9/7/1918,UK,AIRCO DH9 DAY BOMBER,11,220.1818182,LUDWIGSHAFEN,GERMANY,49.481111,8.435278,
WWI,346,9/7/1918,UK,AIRCO DH9 DAY BOMBER,10,227.0,MANNHEIM,GERMANY,49.488333,8.464722,
WWI,349,9/12/1918,USA,BREGUET 14 B2,9,545.6,BUXERULLES,FRANCE,48.906572,5.665649,90 MM INCENDIARY
WWI,350,9/12/1918,USA,BREGUET 14 B2,9,78.22222222,BUXERULLES,FRANCE,48.906572,5.665649,115 MM
WWI,351,9/12/1918,USA,BREGUET 14 B2,5,435.6,VIGNEULLES,FRANCE,48.56165,6.330722,90 MM INCENDIARY
WWI,352,9/12/1918,USA,BREGUET 14 B2,5,70.4,VIGNEULLES,FRANCE,48.56165,6.330722,8 KILO BOMBS
WWI,353,9/12/1918,UK,AIRCO DH9 DAY BOMBER,6,225.0,"COURCELLES, ORNY, VERNY",FRANCE,49.066651,6.308383,
WWI,354,9/12/1918,UK,AIRCO DH9 DAY BOMBER,2,215.0,CHAMPEY,FRANCE,48.957439,6.05805,
WWI,355,9/12/1918,UK,HADLEY PAGE O/400,2,1450.0,"METZ-SABLON, COURCELLES",FRANCE,49.115461,6.175875,
WWI,356,9/12/1918,UK,HADLEY PAGE O/400,1,1792.0,METZ-SABLON,FRANCE,49.115461,6.175875,
WWI,357,9/12/1918,UK,HADLEY PAGE O/400,1,1668.0,METZ-SABLON,FRANCE,49.115461,6.175875,
WWI,358,9/12/1918,UK,HADLEY PAGE O/400,4,1532.5,METZ-SABLON,FRANCE,49.115461,6.175875,
WWI,361,9/13/1918,USA,BREGUET 14 B2,3,409.2,CHAMBLEY,FRANCE,49.048236,5.898896,90 MM INCENDIARY
WWI,362,9/13/1918,UK,AIRCO DH9 DAY BOMBER,16,224.75,"ORNY, ARNAVILLE, MT PARK",FRANCE,49.011182,6.03683,
WWI,363,9/13/1918,UK,AIRCO DH9 DAY BOMBER,14,218.8571429,"METZ-SABLON, ARNAVILLE, MARS, ORLY",FRANCE,49.115461,6.175875,
WWI,364,9/13/1918,UK,HADLEY PAGE O/400,2,2042.0,COURCELLES,FRANCE,49.066651,6.308383,
WWI,365,9/13/1918,UK,HADLEY PAGE O/400,2,560.0,COURCELLES,FRANCE,49.066651,6.308383,
WWI,367,9/14/1918,USA,BREGUET 14 B2,3,316.8,CONFLANS,FRANCE,49.166116,5.86912,90 MM
WWI,368,9/14/1918,USA,BREGUET 14 B2,3,73.33333333,CONFLANS,FRANCE,49.166116,5.86912,155 MM DEMOLITION
WWI,369,9/14/1918,USA,BREGUET 14 B2,3,13.2,CONFLANS,FRANCE,49.166116,5.86912,90 MM INCENDIARY
WWI,370,9/14/1918,USA,BREGUET 14 B2,3,0.9944,CONFLANS,FRANCE,49.166116,5.86912,ROUNDS
WWI,371,9/14/1918,USA,BREGUET 14 B2,7,94.28571429,CONFLANS,FRANCE,49.9892,5.5184,155 MM DEMOLITION
WWI,372,9/14/1918,USA,LIBERTY DH 4,8,247.5,CONFLANS,FRANCE,49.9892,5.5184,155 MM DEMOLITION
WWI,373,9/14/1918,USA,BREGUET 14 B2,6,220.0,ETAIN,FRANCE,49.212586,5.640218,155 MM DEMOLITION
WWI,374,9/14/1918,USA,BREGUET 14 B2,6,158.4,ETAIN,FRANCE,49.212586,5.640218,90 MM
WWI,375,9/14/1918,USA,BREGUET 14 B2,6,26.4,ETAIN,FRANCE,49.212586,5.640218,90 MM INCENDIARY
WWI,376,9/14/1918,USA,BREGUET 14 B2,6,0.6215,ETAIN,FRANCE,49.212586,5.640218,ROUNDS
WWI,377,9/14/1918,USA,BREGUET 14 B2,8,0.0,VITTONVILLE AND ARNAVILLE,FRANCE,48.964999,6.057756,
WWI,378,9/14/1918,USA,LIBERTY DH 4,3,440.0,DOMMARY-BARONCOURT,FRANCE,49.16957,5.42104,155 MM DEMOLITION
WWI,379,9/14/1918,USA,BREGUET 14 B2,4,220.0,VITTONVILLE AND ARNAVILLE,FRANCE,48.964999,6.057756,155 MM DEMOLITION
WWI,380,9/14/1918,USA,BREGUET 14 B2,4,132.0,VITTONVILLE AND ARNAVILLE,FRANCE,48.964999,6.057756,115 MM
WWI,381,9/14/1918,USA,BREGUET 14 B2,4,59.4,VITTONVILLE AND ARNAVILLE,FRANCE,48.964999,6.057756,90 MM
WWI,382,9/14/1918,USA,BREGUET 14 B2,4,0.8701,VITTONVILLE AND ARNAVILLE,FRANCE,48.964999,6.057756,ROUNDS
WWI,383,9/14/1918,USA,LIBERTY DH 4,8,440.0,GORZE,FRANCE,49.3338,5.59701,155 MM DEMOLITION
WWI,384,9/14/1918,USA,LIBERTY DH 4,8,1.55375,GORZE,FRANCE,49.3338,5.59701,ROUNDS
WWI,385,9/14/1918,UK,AIRCO DH4 DAY BOMBER,11,229.4545455,EHRANG,GERMANY,49.815713,6.695214,112 LB BOMB
WWI,386,9/14/1918,UK,AIRCO DH9 DAY BOMBER,18,227.3333333,"METZ-SABLON, BUHL",FRANCE,49.115461,6.175875,112 LB BOMB
WWI,387,9/14/1918,UK,AIRCO DH9 DAY BOMBER,16,224.0,METZ-SABLON,FRANCE,49.115461,6.175875,112 LB BOMB
WWI,388,9/14/1918,UK,AIRCO DH9A DAY BOMBER,6,338.0,BOULAY,FRANCE,48.152448,2.202988,112 LB BOMB
WWI,389,9/14/1918,UK,HADLEY PAGE O/400,9,1502.444444,"METZ-SABLON, KAISERN, COURCELLES",FRANCE,49.115461,6.175875,112 LB BOMB
WWI,390,9/14/1918,UK,HADLEY PAGE O/400,3,1754.666667,"METZ-SABLON, BOULAY",FRANCE,49.115461,6.175875,112 LB BOMB
WWI,391,9/14/1918,UK,HADLEY PAGE O/400,9,1588.333333,"EHRANG, KAISERN, COURCELLES",GERMANY,49.815713,6.695214,112 LB BOMB
WWI,392,9/14/1918,UK,HADLEY PAGE O/400,8,1509.5,"COURCELLES, SAARBURG, METZ-SABLON, FRESCATY",FRANCE,49.066651,6.308383,112 LB BOMB
WWI,397,9/15/1918,USA,BREGUET 14 B2,6,183.3333333,ARNAVILLE,FRANCE,49.011487,6.030617,155 MM DEMOLITION
WWI,398,9/15/1918,USA,BREGUET 14 B2,6,58.66666667,ARNAVILLE,FRANCE,49.011487,6.030617,115 MM
WWI,399,9/15/1918,USA,BREGUET 14 B2,6,39.6,ARNAVILLE,FRANCE,49.011487,6.030617,90 MM
WWI,400,9/15/1918,USA,BREGUET 14 B2,6,19.8,ARNAVILLE,FRANCE,49.011487,6.030617,90 MM INCENDIARY
WWI,401,9/15/1918,USA,BREGUET 14 B2,6,2.154533333,ARNAVILLE,FRANCE,49.011487,6.030617,ROUNDS
WWI,402,9/15/1918,USA,LIBERTY DH 4,4,440.0,BAYONVILLE-SUR-MAD,FRANCE,49.01514,5.990155,155 MM DEMOLITION
WWI,403,9/15/1918,USA,LIBERTY DH 4,4,0.25515,BAYONVILLE-SUR-MAD,FRANCE,49.01514,5.990155,ROUNDS
WWI,404,9/15/1918,USA,BREGUET 14 B2,4,220.0,LONGUYON,FRANCE,49.440654,5.612335,155 MM DEMOLITION
WWI,405,9/15/1918,USA,BREGUET 14 B2,4,110.0,LONGUYON,FRANCE,49.440654,5.612335,115 MM
WWI,406,9/15/1918,USA,BREGUET 14 B2,4,29.7,LONGUYON,FRANCE,49.440654,5.612335,90 MM INCENDIARY
WWI,407,9/15/1918,USA,BREGUET 14 B2,4,3.729,LONGUYON,FRANCE,49.440654,5.612335,ROUNDS
WWI,412,9/15/1918,UK,AIRCO DH4 DAY BOMBER,9,228.6666667,STUTTGART,GERMANY,48.766667,9.183333,
WWI,413,9/15/1918,UK,AIRCO DH9 DAY BOMBER,13,225.3846154,METZ-SABLON,FRANCE,49.115461,6.175875,
WWI,414,9/15/1918,UK,AIRCO DH9 DAY BOMBER,12,225.5,METZ-SABLON,FRANCE,49.115461,6.175875,
WWI,415,9/15/1918,UK,AIRCO DH9A DAY BOMBER,10,303.0,BUHL,FRANCE,48.915636,8.007115,
WWI,416,9/15/1918,UK,HADLEY PAGE O/400,9,1377.333333,"LORQUIN, MORN, MAINZ",GERMANY,48.668822,6.994674,
WWI,417,9/15/1918,UK,HADLEY PAGE O/400,5,1028.6,"LORQUIN, BUHL, SAARBURG",GERMANY,48.668822,6.994674,
WWI,418,9/15/1918,UK,HADLEY PAGE O/400,5,2042.0,"BUHL, KARLSRUHE",FRANCE,48.915636,8.007115,
WWI,419,9/15/1918,UK,HADLEY PAGE O/400,6,1618.5,"KARLSRUHE, MORHANGE, METZ-SABLON",GERMANY,49.0080848,8.4037563,
WWI,422,9/16/1918,USA,LIBERTY DH 4,1,440.0,LONGUYON,FRANCE,49.446035,5.600987,155 MM DEMOLITION
WWI,423,9/16/1918,USA,BREGUET 14 B2,6,220.0,CONFLANS,FRANCE,49.16452,5.89315,155 MM DEMOLITION
WWI,424,9/16/1918,USA,BREGUET 14 B2,6,73.33333333,CONFLANS,FRANCE,49.16452,5.89315,115 MM
WWI,425,9/16/1918,USA,BREGUET 14 B2,6,19.8,CONFLANS,FRANCE,49.16452,5.89315,90 MM INCENDIARY
WWI,426,9/16/1918,USA,BREGUET 14 B2,6,1.67805,CONFLANS,FRANCE,49.16452,5.89315,ROUNDS
WWI,427,9/16/1918,USA,LIBERTY DH 4,5,440.0,CONFLANS,FRANCE,49.1641817,5.872321129,155 MM DEMOLITION
WWI,428,9/16/1918,USA,LIBERTY DH 4,1,440.0,CONFLANS,FRANCE,49.1641817,5.872321129,155 MM DEMOLITION
WWI,429,9/16/1918,USA,LIBERTY DH 4,1,17.01,CONFLANS,FRANCE,49.1641817,5.872321129,ROUNDS
WWI,430,9/16/1918,USA,BREGUET 14 B2,5,176.0,CONFLANS/HANNONVILLE,FRANCE,49.16768,5.848631,155 MM DEMOLITION
WWI,431,9/16/1918,USA,BREGUET 14 B2,5,35.2,CONFLANS/HANNONVILLE,FRANCE,49.16768,5.848631,115 MM
WWI,432,9/16/1918,USA,BREGUET 14 B2,5,15.84,CONFLANS/HANNONVILLE,FRANCE,49.16768,5.848631,90 MM
WWI,433,9/16/1918,USA,BREGUET 14 B2,5,0.377872,CONFLANS/HANNONVILLE,FRANCE,49.16768,5.848631,ROUNDS
WWI,434,9/16/1918,UK,AIRCO DH4 DAY BOMBER,5,227.6,MANNHEIM,GERMANY,49.488333,8.464722,
WWI,435,9/16/1918,UK,AIRCO DH9 DAY BOMBER,11,205.8181818,HAGENAU,GERMANY,48.813288,7.79125,
WWI,436,9/16/1918,UK,AIRCO DH9A DAY BOMBER,11,296.9090909,MANNHEIM,GERMANY,49.488333,8.464722,
WWI,437,9/16/1918,UK,HADLEY PAGE O/400,3,1450.0,"FRANKFURT, LORQUIN, FRESCATY",GERMANY,50.1114451,8.6806154,
WWI,438,9/16/1918,UK,HADLEY PAGE O/400,1,3462.0,FRESCATY,FRANCE,49.115461,6.175875,
WWI,439,9/16/1918,UK,HADLEY PAGE O/400,6,1362.666667,METZ-SABLON,FRANCE,49.115461,6.175875,
WWI,443,9/18/1918,USA,BREGUET 14 B2,7,188.5714286,LONGUYON,FRANCE,49.443539,5.593539,155 MM DEMOLITION
WWI,444,9/18/1918,USA,BREGUET 14 B2,7,75.42857143,LONGUYON,FRANCE,49.443539,5.593539,115 MM
WWI,445,9/18/1918,USA,BREGUET 14 B2,7,22.62857143,LONGUYON,FRANCE,49.443539,5.593539,90 MM INCENDIARY
WWI,446,9/18/1918,USA,BREGUET 14 B2,7,3.732551429,LONGUYON,FRANCE,49.443539,5.593539,ROUNDS
WWI,447,9/18/1918,USA,LIBERTY DH 4,5,418.0,MARS-LA-TOUR,FRANCE,49.09837458,5.892534255,155 MM DEMOLITION
WWI,450,9/20/1918,UK,HADLEY PAGE O/400,9,1559.222222,"BUHL, BOUL, KARLSRUHE",FRANCE,48.915636,8.007115,
WWI,451,9/20/1918,UK,HADLEY PAGE O/400,10,1612.8,"MORHANQE, FONTENAY",FRANCE,48.924444,6.6363888,
WWI,452,9/20/1918,UK,HADLEY PAGE O/400,4,1568.0,FRESCATY,FRANCE,49.115461,6.175875,
WWI,453,9/20/1918,UK,HADLEY PAGE O/400,3,1568.0,"MANNHEIM, KARLSRUHE, SAARBRUCKEN",GERMANY,49.488333,8.464722,
WWI,454,9/20/1918,UK,HADLEY PAGE O/400,7,1502.571429,"MANNHEIM, FRESCATY",GERMANY,49.488333,8.464722,
WWI,455,9/21/1918,UK,HADLEY PAGE O/400,6,1633.666667,BUHL,FRANCE,48.915636,8.007115,
WWI,456,9/21/1918,UK,HADLEY PAGE O/400,3,1792.0,FRESCATY,FRANCE,49.115461,6.175875,
WWI,457,9/21/1918,UK,HADLEY PAGE O/400,3,1493.333333,"MORHANGE, LEININGEN",FRANCE,48.924444,6.6363888,
WWI,458,9/21/1918,UK,HADLEY PAGE O/400,3,2042.0,HAGENDINGEN,GERMANY,51.9691868,5.6653948,
WWI,459,9/21/1918,UK,HADLEY PAGE O/400,6,1529.0,ROMBACH,GERMANY,48.283224,7.262372,
WWI,460,9/25/1918,UK,AIRCO DH4 DAY BOMBER,12,228.5,KAISERSLAUTERN,GERMANY,49.4446997,7.7690041,
WWI,461,9/25/1918,UK,AIRCO DH9 DAY BOMBER,5,227.6,BUHL,FRANCE,48.915636,8.007115,
WWI,462,9/25/1918,UK,AIRCO DH9 DAY BOMBER,7,218.8571429,BUHL,FRANCE,48.915636,8.007115,
WWI,463,9/25/1918,UK,AIRCO DH9A DAY BOMBER,11,307.0909091,FRANKFURT,GERMANY,50.1114451,8.6806154,
WWI,466,9/26/1918,USA,LIBERTY DH 4,14,0.086785714,DUN-SUR-MEUSE,FRANCE,49.387969,5.184436,ROUNDS
WWI,467,9/26/1918,USA,LIBERTY DH 4,14,440.0,DUN-SUR-MEUSE,FRANCE,49.383321,5.185866,155 MM DEMOLITION
WWI,470,9/26/1918,USA,BREGUET 14 B2,6,2.900333333,DUN-SUR-MEUSE,FRANCE,49.387969,5.184436,ROUNDS
WWI,471,9/26/1918,USA,BREGUET 14 B2,6,220.0,DUN-SUR-MEUSE,FRANCE,49.387969,5.184436,155 MM DEMOLITION
WWI,472,9/26/1918,USA,BREGUET 14 B2,6,132.0,DUN-SUR-MEUSE,FRANCE,49.387969,5.184436,115 MM
WWI,475,9/26/1918,USA,LIBERTY DH 4,6,440.0,ETAIN,FRANCE,49.212586,5.640218,155 MM DEMOLITION
WWI,476,9/26/1918,UK,AIRCO DH4 DAY BOMBER,6,229.0,AUDUN-LE-ROMAN,FRANCE,49.368776,5.895641,
WWI,477,9/26/1918,UK,AIRCO DH9 DAY BOMBER,6,227.0,METZ-SABLON,FRANCE,49.115461,6.175875,
WWI,478,9/26/1918,UK,AIRCO DH9 DAY BOMBER,9,245.5555556,METZ-SABLON,FRANCE,49.115461,6.175875,
WWI,479,9/26/1918,UK,HADLEY PAGE O/400,5,1471.0,"MEZIERES, METZ-SABLON",SWITZERLAND,49.762085,4.726096,
WWI,480,9/26/1918,UK,HADLEY PAGE O/400,2,1619.0,THIONVILLE. METZ-SABLON,FRANCE,49.356794,6.167606,
WWI,481,9/26/1918,UK,HADLEY PAGE O/400,2,1568.0,"METZ-SABLON, THIONVILLE, PLAPPEVILLE",FRANCE,49.115461,6.175875,
WWI,482,9/26/1918,UK,HADLEY PAGE O/400,3,2042.0,"METZ-SABLON, FRESCATY",FRANCE,49.115461,6.175875,
WWI,483,9/26/1918,UK,HADLEY PAGE O/400,4,1481.5,"MEZIERES, METZ-SABLON",SWITZERLAND,49.762085,4.726096,
WWI,485,9/27/1918,USA,BREGUET 14 B2,3,0.0,DUN-SUR-MEUSE,FRANCE,49.387969,5.184436,
WWI,486,9/27/1918,USA,LIBERTY DH 4,6,128.3333333,MOUZON,FRANCE,48.354415,5.685626,155 MM DEMOLITION
WWI,487,9/27/1918,USA,LIBERTY DH 4,6,1.215,MOUZON,FRANCE,48.354415,5.685626,ROUNDS
WWI,488,9/27/1918,USA,LIBERTY DH 4,6,44.0,MOUZON,FRANCE,48.354415,5.685626,115 MM DEMOLITION
WWI,489,9/27/1918,USA,LIBERTY DH 4,6,3.333333333,MOUZON,FRANCE,48.354415,5.685626,10 KG INCENCDIARIES
WWI,490,9/27/1918,USA,BREGUET 14 B2,4,220.0,ETAIN,FRANCE,49.212586,5.640218,155 MM DEMOLITION
WWI,491,9/27/1918,USA,BREGUET 14 B2,4,88.0,ETAIN,FRANCE,49.212586,5.640218,115 MM LONG
WWI,492,9/27/1918,USA,BREGUET 14 B2,4,9.9,ETAIN,FRANCE,49.212586,5.640218,90 MM INCENDIARY
WWI,493,9/27/1918,USA,BREGUET 14 B2,4,1.398375,ETAIN,FRANCE,49.212586,5.640218,ROUNDS
WWI,498,9/28/1918,USA,LIBERTY DH 4,8,82.5,MARCQ (GRAND PRE),FRANCE,49.320904,4.92469,155 MM DEMOLITION
WWI,505,9/29/1918,USA,BREGUET 14 B2,10,176.0,GRAND PRE,FRANCE,44.5,6.316667,155 MM DEMOLITION
WWI,506,9/29/1918,USA,BREGUET 14 B2,10,88.0,GRAND PRE,FRANCE,44.5,6.316667,115 MM
WWI,507,9/29/1918,USA,BREGUET 14 B2,10,15.84,GRAND PRE,FRANCE,44.5,6.316667,90 MM INCENDIARY
WWI,508,9/29/1918,USA,BREGUET 14 B2,10,1.04412,GRAND PRE,FRANCE,44.5,6.316667,ROUNDS
WWI,509,9/30/1918,UK,HADLEY PAGE O/400,2,1730.5,"FORET-DE-SAUVAQE, MEZIERES",FRANCE,49.7661039,4.72413805,
WWI,510,9/30/1918,UK,HADLEY PAGE O/400,1,1446.0,SAARBRUCKEN,GERMANY,49.233333,7.0,
WWI,511,9/30/1918,UK,HADLEY PAGE O/400,2,2042.0,"FRESCATY, METZ-SABLON",FRANCE,49.115461,6.175875,
WWI,513,10/1/1918,USA,BREGUET 14 B2,4,0.0,BANTHEVILLE,FRANCE,49.355824,5.090705,INCENDIARY
WWI,514,10/1/1918,USA,LIBERTY DH 4,8,55.0,BANTHEVILLE,FRANCE,49.355824,5.090705,155 MM DEMOLITION
WWI,515,10/1/1918,USA,BREGUET 14 B2,4,1.19328,BANTHEVILLE,FRANCE,49.355824,5.090705,ROUNDS
WWI,516,10/1/1918,USA,BREGUET 14 B2,9,195.5555556,BANTHEVILLE,FRANCE,49.355824,5.090705,155 MM DEMOLITION
WWI,517,10/1/1918,USA,BREGUET 14 B2,9,78.22222222,BANTHEVILLE,FRANCE,49.355824,5.090705,115 MM LONG
WWI,518,10/1/1918,USA,BREGUET 14 B2,9,26.4,BANTHEVILLE,FRANCE,49.355824,5.090705,90 MM INCENDIARY
WWI,519,10/1/1918,USA,BREGUET 14 B2,9,0.966777778,BANTHEVILLE,FRANCE,49.355824,5.090705,ROUNDS
WWI,520,10/1/1918,UK,AIRCO DH9A DAY BOMBER,6,281.0,"TREVES, LUXEMBOURG",FRANCE,45.538718,4.675828,
WWI,521,10/2/1918,USA,BREGUET 14 B2,9,195.5555556,CORNAY,FRANCE,49.300216,4.949507,155 MM DEMOLITION
WWI,522,10/2/1918,USA,BREGUET 14 B2,9,29.33333333,CORNAY,FRANCE,49.300216,4.949507,115 MM LONG
WWI,523,10/2/1918,USA,BREGUET 14 B2,9,17.6,CORNAY,FRANCE,49.300216,4.949507,90 MM INCENDIARY
WWI,524,10/2/1918,USA,BREGUET 14 B2,9,1.657333333,CORNAY,FRANCE,49.300216,4.949507,ROUNDS
WWI,526,10/2/1918,USA,LIBERTY DH 4,9,220.0,ST. JUVIN,FRANCE,49.334456,4.939148,155 MM DEMOLITION
WWI,529,10/3/1918,USA,BREGUET 14 B2,10,220.0,GRAND PRE,FRANCE,44.5,6.316667,155 MM DEMOLITION
WWI,530,10/3/1918,USA,BREGUET 14 B2,10,79.2,GRAND PRE,FRANCE,44.5,6.316667,115 MM LONG
WWI,531,10/3/1918,USA,BREGUET 14 B2,10,31.68,GRAND PRE,FRANCE,44.5,6.316667,90 MM INCENDIARY
WWI,532,10/3/1918,USA,BREGUET 14 B2,10,1.4916,GRAND PRE,FRANCE,44.5,6.316667,ROUNDS
WWI,533,10/3/1918,USA,LIBERTY DH 4,2,0.0,GRAND PRE,FRANCE,44.5,6.316667,
WWI,534,10/3/1918,UK,HADLEY PAGE O/400,1,1556.0,METZ-SABLON,FRANCE,49.115461,6.175875,
WWI,535,10/3/1918,UK,HADLEY PAGE O/400,2,1446.0,"METZ-SABLON, MORHANQE",FRANCE,49.115461,6.175875,
WWI,536,10/3/1918,UK,HADLEY PAGE O/400,1,1568.0,METZ-SABLON,FRANCE,49.115461,6.175875,
WWI,537,10/3/1918,UK,HADLEY PAGE O/400,1,2042.0,FRESCATY,FRANCE,49.115461,6.175875,
WWI,538,10/3/1918,UK,HADLEY PAGE O/400,2,1507.0,METZ-SABLON,FRANCE,49.115461,6.175875,
WWI,539,10/4/1918,USA,BREGUET 14 B2,7,251.4285714,DUN-SUR-MEUSE,FRANCE,49.386071,5.18414,155 MM DEMOLITION
WWI,540,10/4/1918,USA,BREGUET 14 B2,7,75.42857143,DUN-SUR-MEUSE,FRANCE,49.386071,5.18414,115 MM LONG
WWI,541,10/4/1918,USA,BREGUET 14 B2,7,33.94285714,DUN-SUR-MEUSE,FRANCE,49.386071,5.18414,90 MM INCENDIARY
WWI,542,10/4/1918,USA,BREGUET 14 B2,7,3.373857143,DUN-SUR-MEUSE,FRANCE,49.386071,5.18414,ROUNDS
WWI,543,10/4/1918,USA,BREGUET 14 B2,4,220.0,LANDRES ST GEORGE,FRANCE,49.353093,5.010654,155 MM DEMOLITION
WWI,544,10/4/1918,USA,BREGUET 14 B2,6,220.0,LANDRES ST GEORGE,FRANCE,49.353093,5.010654,155 MM DEMOLITION
WWI,545,10/4/1918,USA,BREGUET 14 B2,6,73.33333333,LANDRES ST GEORGE,FRANCE,49.353093,5.010654,115 MM
WWI,546,10/4/1918,USA,BREGUET 14 B2,6,33.0,LANDRES ST GEORGE,FRANCE,49.353093,5.010654,90 MM INCENDIARY
WWI,547,10/4/1918,USA,BREGUET 14 B2,6,4.143333333,LANDRES ST GEORGE,FRANCE,49.353093,5.010654,ROUNDS
WWI,552,10/5/1918,USA,BREGUET 14 B2,7,220.0,LANDRES ST GEORGE,FRANCE,49.353093,5.010654,155 MM DEMOLITION
WWI,553,10/5/1918,USA,BREGUET 14 B2,7,88.0,LANDRES ST GEORGE,FRANCE,49.353093,5.010654,115 MM
WWI,554,10/5/1918,USA,BREGUET 14 B2,7,28.28571429,LANDRES ST GEORGE,FRANCE,49.353093,5.010654,90 MM INCENDIARY
WWI,555,10/5/1918,USA,BREGUET 14 B2,7,3.551428571,LANDRES ST GEORGE,FRANCE,49.353093,5.010654,ROUNDS
WWI,556,10/5/1918,USA,BREGUET 14 B2,6,220.0,ST. JUVIN,FRANCE,49.334456,4.939148,155 MM DEMOLITION
WWI,557,10/5/1918,USA,LIBERTY DH 4,9,220.0,AINCREVILLE,FRANCE,49.36837,5.121392,155 MM DEMOLITION
WWI,558,10/5/1918,UK,AIRCO DH9 DAY BOMBER,12,226.5,METZ-SABLON,FRANCE,49.115461,6.175875,
WWI,559,10/5/1918,UK,AIRCO DH9A DAY BOMBER,8,324.25,"KAISERSLAUTERN, PIRRNASENS",GERMANY,49.4446997,7.7690041,
WWI,560,10/5/1918,UK,HADLEY PAGE O/400,5,1579.2,"METZ-S, MEZIERES, COURCELS",FRANCE,49.115461,6.175875,
WWI,561,10/5/1918,UK,HADLEY PAGE O/400,4,1619.0,"MORHANQE, SAARBRUCKEN, MEZIERES",FRANCE,48.924444,6.6363888,
WWI,562,10/5/1918,UK,HADLEY PAGE O/400,2,1568.0,"THIONVILLE, METZ-SABLON",FRANCE,49.356794,6.167606,
WWI,563,10/5/1918,UK,HADLEY PAGE O/400,2,2042.0,FRESCATY,FRANCE,49.115461,6.175875,
WWI,564,10/5/1918,UK,HADLEY PAGE O/400,5,1500.8,METZ-SABLON,FRANCE,49.115461,6.175875,
WWI,566,10/6/1918,USA,BREGUET 14 B2,9,220.0,BANTHEVILLE,FRANCE,49.355824,5.090705,155 MM DEMOLITION
WWI,567,10/6/1918,USA,BREGUET 14 B2,9,48.88888889,BANTHEVILLE,FRANCE,49.355824,5.090705,115 MM
WWI,568,10/6/1918,USA,BREGUET 14 B2,9,26.4,BANTHEVILLE,FRANCE,49.355824,5.090705,90 MM INCENDIARY
WWI,569,10/6/1918,USA,BREGUET 14 B2,9,1.933555556,BANTHEVILLE,FRANCE,49.355824,5.090705,ROUNDS
WWI,576,10/9/1918,USA,LIBERTY DH 4,12,220.0,BANTHEVILLE/ ST JUVIN,FRANCE,49.355824,5.090705,155 MM DEMOLITION
WWI,577,10/9/1918,UK,AIRCO DH9A DAY BOMBER,11,227.2727273,METZ-SABTON,FRANCE,49.115461,6.175875,
WWI,578,10/9/1918,UK,AIRCO DH9 DAY BOMBER,13,226.3076923,METZ-SABION,FRANCE,49.115461,6.175875,
WWI,579,10/9/1918,UK,HADLEY PAGE O/400,3,1701.333333,METZ-SABLON,FRANCE,49.115461,6.175875,
WWI,580,10/9/1918,UK,HADLEY PAGE O/400,2,1446.0,MEZIERES,SWITZERLAND,49.762085,4.726096,
WWI,581,10/9/1918,UK,HADLEY PAGE O/400,5,1545.6,"THIONVILLE, MORHANQE",FRANCE,49.356794,6.167606,
WWI,582,10/9/1918,UK,HADLEY PAGE O/400,2,1930.0,"METZ-SABLON, FRESCATY",FRANCE,49.115461,6.175875,
WWI,583,10/9/1918,UK,HADLEY PAGE O/400,6,1323.666667,"METZ-SABLON, MEZIERES, THIONVILLE",FRANCE,49.115461,6.175875,
WWI,586,10/10/1918,USA,LIBERTY DH 4,11,0.265090909,MILLY-DEVANT-DUN (LION-DEVANT DUN),FRANCE,49.410677,5.228513,ROUNDS
WWI,587,10/10/1918,USA,LIBERTY DH 4,11,220.0,MILLY-DEVANT-DUN (LION-DEVANT-DUN),FRANCE,49.410677,5.228513,155 MM DEMOLITION
WWI,590,10/10/1918,USA,BREGUET 14 B2,6,183.3333333,DUN-SUR-MEUSE,FRANCE,49.395298,5.193127,155 MM DEMOLITION
WWI,591,10/10/1918,USA,BREGUET 14 B2,6,102.6666667,DUN-SUR-MEUSE,FRANCE,49.395298,5.193127,115 MM
WWI,592,10/10/1918,USA,BREGUET 14 B2,6,33.0,DUN-SUR-MEUSE,FRANCE,49.395298,5.193127,90 MM INCENDIARY
WWI,593,10/10/1918,USA,BREGUET 14 B2,6,1.346583333,DUN-SUR-MEUSE,FRANCE,49.395298,5.193127,ROUNDS
WWI,594,10/10/1918,USA,BREGUET 14 B2,10,176.0,VILLERS-DEVANT-DUN,FRANCE,49.395894,5.110568,115 MM LONG
WWI,595,10/10/1918,USA,BREGUET 14 B2,10,88.0,VILLERS-DEVANT-DUN,FRANCE,49.395894,5.110568,155 MM DEMOLITION
WWI,596,10/10/1918,USA,BREGUET 14 B2,10,27.72,VILLERS-DEVANT-DUN,FRANCE,49.395894,5.110568,90 MM INCENDIARY
WWI,597,10/10/1918,USA,BREGUET 14 B2,10,22.0,VILLERS-DEVANT-DUN,FRANCE,49.395894,5.110568,155 MM PENETRATION
WWI,598,10/10/1918,USA,BREGUET 14 B2,10,1.18085,VILLERS-DEVANT-DUN,FRANCE,49.395894,5.110568,ROUNDS
WWI,599,10/10/1918,USA,LIBERTY DH 4,11,220.0,VILLERS-DEVANT-DUN,FRANCE,49.395894,5.110568,155 MM DEMOLITION
WWI,600,10/10/1918,USA,LIBERTY DH 4,11,3.313636364,VILLERS-DEVANT-DUN,FRANCE,49.395894,5.110568,ROUNDS
WWI,603,10/10/1918,UK,AIRCO DH9A DAY BOMBER,8,227.75,METZ-SABLON,FRANCE,49.115461,6.175875,
WWI,604,10/10/1918,UK,AIRCO DH9 DAY BOMBER,12,227.0,METZ-SABLON,FRANCE,49.115461,6.175875,
WWI,605,10/10/1918,UK,HADLEY PAGE O/400,1,1792.0,THIONVILLE,FRANCE,49.356794,6.167606,
WWI,607,10/10/1918,UK,HADLEY PAGE O/400,2,2042.0,FRESCATY,FRANCE,49.115461,6.175875,
WWI,608,10/10/1918,UK,HADLEY PAGE O/400,2,1568.0,"MEZIERES, ROMBACH",SWITZERLAND,49.762085,4.726096,
WWI,614,10/15/1918,UK,AIRCO DH4 DAY BOMBER,1,224.0,FRESCATY,FRANCE,49.115461,6.175875,
WWI,615,10/18/1918,USA,BREGUET 14 B2,14,152.7428571,BAYONVILLE,FRANCE,49.395882,5.006367,90 MM
WWI,616,10/18/1918,USA,BREGUET 14 B2,14,47.14285714,BAYONVILLE,FRANCE,49.395882,5.006367,155 MM DEMOLITION
WWI,617,10/18/1918,USA,BREGUET 14 B2,14,15.71428571,BAYONVILLE,FRANCE,49.395882,5.006367,155 MM PENETRATION
WWI,618,10/18/1918,USA,BREGUET 14 B2,14,12.57142857,BAYONVILLE,FRANCE,49.395882,5.006367,115 MM LONG
WWI,619,10/18/1918,USA,BREGUET 14 B2,14,0.0,BAYONVILLE,FRANCE,49.395882,5.006367,INCENDIARY
WWI,620,10/18/1918,USA,LIBERTY DH 4,11,160.0,BAYONVILLE,FRANCE,49.395882,5.006367,155 MM DEMOLITION
WWI,623,10/18/1918,UK,AIRCO DH9A DAY BOMBER,8,227.0,METZ-SABLON,FRANCE,49.115461,6.175875,
WWI,624,10/18/1918,UK,AIRCO DH9 DAY BOMBER,13,226.3076923,METZ-SABLON,FRANCE,49.115461,6.175875,
WWI,625,10/18/1918,UK,HADLEY PAGE O/400,1,1792.0,SAARBURG,GERMANY,49.133333,9.983333,
WWI,627,10/21/1918,UK,AIRCO DH4 DAY BOMBER,7,227.4285714,THIONVILLE,FRANCE,49.356794,6.167606,
WWI,628,10/21/1918,UK,AIRCO DH9A DAY BOMBER,11,227.2727273,METZ-SABLON,FRANCE,49.115461,6.175875,
WWI,629,10/21/1918,UK,AIRCO DH9 DAY BOMBER,14,227.0,METZ-SABLON,FRANCE,49.115461,6.175875,
WWI,630,10/21/1918,UK,AIRCO DH9A DAY BOMBER,5,318.4,FRANKFURT,GERMANY,50.1114451,8.6806154,
WWI,631,10/21/1918,UK,HADLEY PAGE O/400,3,1758.0,KAISERSLAUTERN,GERMANY,49.4446997,7.7690041,
WWI,632,10/21/1918,UK,HADLEY PAGE O/400,3,1663.0,"MEZIERES, KAISERSLAUTERN",SWITZERLAND,49.762085,4.726096,
WWI,636,10/23/1918,USA,BREGUET 14 B2,7,192.3428571,BOIS DE LA FOLIE,FRANCE,49.427085,5.011414,90 MM
WWI,637,10/23/1918,USA,BREGUET 14 B2,7,31.42857143,BOIS DE LA FOLIE,FRANCE,49.427085,5.011414,155 MM PENETRATION
WWI,638,10/23/1918,USA,BREGUET 14 B2,7,28.28571429,BOIS DE LA FOLIE,FRANCE,49.427085,5.011414,90 MM INCENDIARY
WWI,639,10/23/1918,USA,BREGUET 14 B2,7,25.14285714,BOIS DE LA FOLIE,FRANCE,49.427085,5.011414,115 MM
WWI,640,10/23/1918,USA,BREGUET 14 B2,7,7.7066,BOIS DE LA FOLIE,FRANCE,49.427085,5.011414,ROUNDS
WWI,641,10/23/1918,USA,BREGUET 14 B2,7,22.85714286,BOIS DE LA FOLIE,FRANCE,49.427085,5.011414,BABY INCENDIARIES
WWI,642,10/23/1918,USA,LIBERTY DH 4,8,206.25,BOIS DE LA FOLIE,FRANCE,49.427085,5.011414,155 MM DEMOLITION
WWI,643,10/23/1918,USA,LIBERTY DH 4,8,9.1125,BOIS DE LA FOLIE,FRANCE,49.427085,5.011414,ROUNDS
WWI,644,10/23/1918,USA,LIBERTY DH 4,6,201.6666667,BOIS DE BARRICOURT,FRANCE,49.404405,5.059734,155 MM PENETRATION
WWI,645,10/23/1918,USA,LIBERTY DH 4,6,6.215,BOIS DE BARRICOURT,FRANCE,49.404405,5.059734,ROUNDS
WWI,646,10/23/1918,USA,LIBERTY DH 4,1,0.0,MORGEMOULIN,FRANCE,49.2335446,5.5800247,155 MM PENETRATION
WWI,647,10/23/1918,UK,AIRCO DH4 DAY BOMBER,11,205.8181818,METZ-SABLON,FRANCE,49.115461,6.175875,
WWI,648,10/23/1918,UK,AIRCO DH9A DAY BOMBER,11,227.2727273,METZ-SABLON,FRANCE,49.115461,6.175875,
WWI,649,10/23/1918,UK,AIRCO DH9 DAY BOMBER,11,226.7272727,METZ-SABLON,FRANCE,49.115461,6.175875,
WWI,650,10/23/1918,UK,HADLEY PAGE O/400,1,1750.0,WIESBADEN,GERMANY,50.083333,8.25,
WWI,651,10/23/1918,UK,HADLEY PAGE O/400,4,1670.0,"SAARBRUCKEN, METZ",GERMANY,49.233333,7.0,
WWI,652,10/23/1918,UK,HADLEY PAGE O/400,4,2052.0,"KAISERSLAUTERN, SAARBRUCKEN",GERMANY,49.4446997,7.7690041,
WWI,653,10/23/1918,UK,HADLEY PAGE O/400,5,1576.4,"MANNHEIM, SAARBURG, US, COBLENLZ",GERMANY,49.488333,8.464722,
WWI,656,10/26/1918,USA,LIBERTY DH 4,11,220.0,BUZANCY,FRANCE,49.426347,4.955855,155 MM DEMOLITION
WWI,657,10/26/1918,USA,LIBERTY DH 4,11,47.27272727,BUZANCY,FRANCE,49.426347,4.955855,M.P. 4 INCENDIARIES
WWI,660,10/27/1918,USA,BREGUET 14 B2,10,105.6,BRIQUENAY,FRANCE,49.40558,4.87874,115 MM LONG
WWI,661,10/27/1918,USA,BREGUET 14 B2,10,66.0,BRIQUENAY,FRANCE,49.40558,4.87874,155 MM PENETRATION
WWI,662,10/27/1918,USA,BREGUET 14 B2,10,55.44,BRIQUENAY,FRANCE,49.40558,4.87874,90 MM
WWI,663,10/27/1918,USA,BREGUET 14 B2,10,22.0,BRIQUENAY,FRANCE,49.40558,4.87874,155 MM DEMOLITION
WWI,664,10/27/1918,USA,BREGUET 14 B2,10,19.8,BRIQUENAY,FRANCE,49.40558,4.87874,90 MM INCENDIARY
WWI,665,10/27/1918,USA,BREGUET 14 B2,10,3.13236,BRIQUENAY,FRANCE,49.40558,4.87874,ROUNDS
WWI,666,10/27/1918,USA,LIBERTY DH 4,6,220.0,BRIQUENAY,FRANCE,49.40558,4.87874,155 MM DEMOLITION
WWI,667,10/27/1918,USA,LIBERTY DH 4,6,0.81,BRIQUENAY,FRANCE,49.40558,4.87874,ROUNDS
WWI,668,10/27/1918,USA,LIBERTY DH 4,11,880.0,BRIQUENAY,FRANCE,49.40558,4.87874,155 MM DEMOLITION
WWI,669,10/27/1918,UK,AIRCO DH9A DAY BOMBER,5,228.8,FRESCATY,FRANCE,49.115461,6.175875,
WWI,670,10/27/1918,UK,AIRCO DH9 DAY BOMBER,8,226.25,FRESCATY,FRANCE,49.115461,6.175875,
WWI,672,10/28/1918,UK,AIRCO DH9A DAY BOMBER,12,236.8333333,"MORHANQE, FRESCATY",FRANCE,48.924444,6.6363888,
WWI,673,10/28/1918,UK,AIRCO DH9 DAY BOMBER,13,226.3076923,MORHANQE,FRANCE,48.924444,6.6363888,
WWI,674,10/28/1918,UK,HADLEY PAGE O/400,1,1874.0,MANNHEIM,GERMANY,49.488333,8.464722,
WWI,675,10/28/1918,UK,HADLEY PAGE O/400,1,1446.0,LONQUYON,FRANCE,49.445476,5.601452,
WWI,676,10/28/1918,UK,HADLEY PAGE O/400,3,1262.666667,THIONVILLE. LONGUYON,FRANCE,49.356794,6.167606,
WWI,677,10/28/1918,UK,HADLEY PAGE O/400,1,1446.0,ECOUVIEZ,GERMANY,49.527454,5.456359,
WWI,678,10/28/1918,UK,HADLEY PAGE O/400,6,1439.0,"TREVES, THIONVIL, SAARBRUCKEN",FRANCE,45.538718,4.675828,
WWI,679,10/29/1918,USA,LIBERTY DH 4,8,220.0,MONTIGNY,FRANCE,49.094353,6.151673,155 MM PENETRATION
WWI,680,10/29/1918,USA,LIBERTY DH 4,8,3.1075,MONTIGNY,FRANCE,49.094353,6.151673,ROUNDS
WWI,683,10/29/1918,USA,BREGUET 14 B2,7,125.7142857,DAMVILLERS,FRANCE,49.34366,5.401111,155 MM DEMOLITION
WWI,684,10/29/1918,USA,BREGUET 14 B2,7,75.42857143,DAMVILLERS,FRANCE,49.34366,5.401111,115 MM LONG
WWI,685,10/29/1918,USA,BREGUET 14 B2,7,62.85714286,DAMVILLERS,FRANCE,49.34366,5.401111,155 MM PENETRATION
WWI,686,10/29/1918,USA,BREGUET 14 B2,7,22.62857143,DAMVILLERS,FRANCE,49.34366,5.401111,90 MM
WWI,687,10/29/1918,USA,BREGUET 14 B2,7,7.813142857,DAMVILLERS,FRANCE,49.34366,5.401111,ROUNDS
WWI,688,10/29/1918,USA,LIBERTY DH 4,10,220.0,DAMVILLERS,FRANCE,49.34366,5.401111,155 MM PENETRATION
WWI,689,10/29/1918,USA,LIBERTY DH 4,1,0.0,DAMVILLERS,FRANCE,49.34366,5.401111,
WWI,690,10/29/1918,UK,AIRCO DH4 DAY BOMBER,10,226.4,LONGUYON,FRANCE,49.445476,5.601452,
WWI,691,10/29/1918,UK,AIRCO DH9A DAY BOMBER,12,228.0,LONGUYON,FRANCE,49.445476,5.601452,
WWI,692,10/29/1918,UK,AIRCO DH9 DAY BOMBER,13,226.3076923,JAMETZ,GERMANY,49.430415,5.381053,
WWI,693,10/29/1918,UK,HADLEY PAGE O/400,2,1618.0,"HAGENAU, MANNHEIM",GERMANY,48.813288,7.79125,
WWI,694,10/29/1918,UK,HADLEY PAGE O/400,2,1619.0,OFFENBURQ,GERMANY,48.45,7.916667,
WWI,695,10/29/1918,UK,HADLEY PAGE O/400,3,1527.333333,"MANNHEIM, OFFENBURQ, THIONVILLE",GERMANY,49.488333,8.464722,
WWI,696,10/29/1918,UK,HADLEY PAGE O/400,6,1568.0,"MANNHEIM, SAARBRUCKEN, WORMS",GERMANY,49.488333,8.464722,
WWI,698,10/30/1918,USA,LIBERTY DH 4,10,220.0,NOUART,FRANCE,49.440019,5.050705,155 MM DEMOLITION
WWI,699,10/30/1918,USA,LIBERTY DH 4,10,0.243,NOUART,FRANCE,49.440019,5.050705,ROUNDS
WWI,702,10/30/1918,USA,LIBERTY DH 4,10,220.0,BAYONVILLE,FRANCE,49.395882,5.006367,155 MM PENETRATION
WWI,703,10/30/1918,USA,LIBERTY DH 4,9,220.0,BELLEVILLE,FRANCE,48.819018,6.101083,155 MM DEMOLITION
WWI,704,10/30/1918,USA,LIBERTY DH 4,9,4.32,BELLEVILLE,FRANCE,48.819018,6.101083,ROUNDS
WWI,707,10/30/1918,USA,LIBERTY DH 4,10,220.0,BELLEVILLE,FRANCE,48.819018,6.101083,155 MM PENETRATION
WWI,708,10/30/1918,USA,LIBERTY DH 4,10,3.729,BELLEVILLE,FRANCE,48.819018,6.101083,ROUNDS
WWI,709,10/30/1918,UK,AIRCO DH9A DAY BOMBER,5,228.8,BUHL,FRANCE,48.915636,8.007115,
WWI,710,10/30/1918,UK,HADLEY PAGE O/400,2,1446.0,"KARLSRUHE, SAARBRUCKEN",GERMANY,49.0080848,8.4037563,
WWI,712,10/31/1918,USA,BREGUET 14 B2,7,75.42857143,TAILLY,FRANCE,49.435654,5.082354,115 MM LONG
WWI,713,10/31/1918,USA,BREGUET 14 B2,7,31.42857143,TAILLY,FRANCE,49.435654,5.082354,155 MM PENETRATION
WWI,714,10/31/1918,USA,BREGUET 14 B2,7,22.62857143,TAILLY,FRANCE,49.435654,5.082354,90 MM
WWI,715,10/31/1918,USA,BREGUET 14 B2,7,11.31428571,TAILLY,FRANCE,49.435654,5.082354,90 MM INCENDIARY
WWI,718,10/31/1918,USA,LIBERTY DH 4,6,220.0,TAILLY,FRANCE,49.435654,5.082354,155 MM PENETRATION
WWI,719,10/31/1918,USA,LIBERTY DH 4,6,8.286666667,TAILLY,FRANCE,49.435654,5.082354,ROUNDS
WWI,720,10/31/1918,USA,LIBERTY DH 4,7,220.0,TAILLY,FRANCE,49.435654,5.082354,155 MM DEMOLITION
WWI,721,10/31/1918,UK,AIRCO DH4 DAY BOMBER,8,226.25,"BONN, FRESCATY, TREVES",GERMANY,50.7327045,7.0963113,
WWI,722,10/31/1918,UK,AIRCO DH9A DAY BOMBER,7,227.4285714,BUHL,FRANCE,48.915636,8.007115,
WWI,723,10/31/1918,UK,AIRCO DH9 DAY BOMBER,9,225.3333333,BUHL,FRANCE,48.915636,8.007115,
WWI,727,11/2/1918,UK,AIRCO DH9A DAY BOMBER,1,336.0,AVRICOURT,FRANCE,48.653003,6.809279,
WWI,728,11/3/1918,USA,BREGUET 14 B2,5,140.8,STENAY,FRANCE,49.491826,5.187554,115 MM LONG
WWI,729,11/3/1918,USA,BREGUET 14 B2,5,88.0,STENAY,FRANCE,49.491826,5.187554,155 MM DEMOLITION
WWI,730,11/3/1918,USA,BREGUET 14 B2,5,79.2,STENAY,FRANCE,49.491826,5.187554,90 MM
WWI,731,11/3/1918,USA,BREGUET 14 B2,5,39.6,STENAY,FRANCE,49.491826,5.187554,90 MM INCENDIARY
WWI,732,11/3/1918,USA,LIBERTY DH 4,9,220.0,STENAY,FRANCE,49.491826,5.187554,155 MM DEMOLITION
WWI,735,11/3/1918,USA,LIBERTY DH 4,7,220.0,STENAY,FRANCE,49.491826,5.187554,155 MM PENETRATION
WWI,736,11/3/1918,USA,LIBERTY DH 4,7,2.841142857,STENAY,FRANCE,49.491826,5.187554,ROUNDS
WWI,739,11/3/1918,USA,LIBERTY DH 4,7,220.0,BEAUMONT,FRANCE,48.851977,5.787907,155 MM DEMOLITION
WWI,740,11/3/1918,USA,LIBERTY DH 4,7,9.72,BEAUMONT,FRANCE,48.851977,5.787907,ROUNDS
WWI,741,11/3/1918,USA,BREGUET 14 B2,6,110.0,BEAUMONT,FRANCE,48.851977,5.787907,155 MM PENETRATION
WWI,742,11/3/1918,USA,BREGUET 14 B2,6,26.4,BEAUMONT,FRANCE,48.851977,5.787907,90 MM
WWI,743,11/3/1918,USA,BREGUET 14 B2,6,14.66666667,BEAUMONT,FRANCE,48.851977,5.787907,115 MM LONG
WWI,744,11/3/1918,USA,BREGUET 14 B2,6,1.243,BEAUMONT,FRANCE,48.851977,5.787907,ROUNDS
WWI,745,11/3/1918,USA,BREGUET 14 B2,6,0.0,BEAUMONT,FRANCE,48.851977,5.787907,INCENDIARY
WWI,746,11/3/1918,USA,LIBERTY DH 4,8,220.0,BEAUMONT,FRANCE,48.851977,5.787907,155 MM PENETRATION
WWI,747,11/3/1918,USA,LIBERTY DH 4,8,1.55375,BEAUMONT,FRANCE,48.851977,5.787907,ROUNDS
WWI,748,11/3/1918,UK,AIRCO DH4 DAY BOMBER,9,189.3333333,SAARBURG,GERMANY,49.133333,9.983333,
WWI,749,11/3/1918,UK,AIRCO DH9A DAY BOMBER,11,227.5454545,"BUHL, LORQUIN",FRANCE,48.915636,8.007115,
WWI,750,11/3/1918,UK,AIRCO DH9 DAY BOMBER,9,228.6666667,LORQUIN,FRANCE,48.668822,6.994674,
WWI,752,11/4/1918,USA,LIBERTY DH 4,10,220.0,MONTMEDY,FRANCE,49.520956,5.368347,155 MM DEMOLITION
WWI,753,11/4/1918,USA,LIBERTY DH 4,11,220.0,MONTMEDY,FRANCE,49.520956,5.368347,155 MM PENETRATION
WWI,754,11/4/1918,USA,BREGUET 14 B2,7,100.5714286,CHAUVENCY-LE-CHATEAU,FRANCE,49.51905,5.309646,115 MM
WWI,755,11/4/1918,USA,BREGUET 14 B2,7,94.28571429,CHEVANEY-LE-CHATEAU,FRANCE,49.51905,5.309646,155 MM PENETRATION
WWI,756,11/4/1918,USA,BREGUET 14 B2,7,56.57142857,CHEVANEY-LE-CHATEAU,FRANCE,49.51905,5.309646,90 MM
WWI,757,11/4/1918,USA,BREGUET 14 B2,7,22.62857143,CHEVANEY-LE-CHATEAU,FRANCE,49.51905,5.309646,90 MM INCENDIARY
WWI,758,11/4/1918,USA,BREGUET 14 B2,7,7.458,CHEVANEY-LE-CHATEAU,FRANCE,49.51905,5.309646,ROUNDS
WWI,759,11/4/1918,USA,LIBERTY DH 4,10,2.43,MONTMEDY,FRANCE,49.520956,5.368347,ROUNDS
WWI,764,11/5/1918,USA,LIBERTY DH 4,6,220.0,RAUCOURT,FRANCE,48.92585,6.218635,155 MM PENETRATION
WWI,765,11/5/1918,USA,LIBERTY DH 4,6,2.071666667,RAUCOURT,FRANCE,48.92585,6.218635,ROUNDS
WWI,766,11/5/1918,USA,LIBERTY DH 4,8,220.0,MOUZON,FRANCE,48.354415,5.685626,155 MM DEMOLITION
WWI,767,11/5/1918,USA,LIBERTY DH 4,8,10.87625,MOUZON,FRANCE,48.354415,5.685626,ROUNDS
WWI,768,11/5/1918,UK,AIRCO DH9A DAY BOMBER,11,216.5454545,MORHANQE,FRANCE,48.924444,6.6363888,
WWI,769,11/5/1918,UK,HADLEY PAGE O/400,1,1194.0,MORHANGE,FRANCE,48.924444,6.6363888,
WWI,771,11/5/1918,UK,HADLEY PAGE O/400,2,1470.0,"DIEUZE, FRESCATY",FRANCE,48.810313,6.71757,
WWI,772,11/5/1918,UK,HADLEY PAGE O/400,1,1538.0,MORHANQE,FRANCE,48.924444,6.6363888,
WWI,773,11/5/1918,UK,HADLEY PAGE O/400,1,1446.0,MORHANQE,FRANCE,48.924444,6.6363888,
WWI,776,11/6/1918,UK,AIRCO DH4 DAY BOMBER,6,228.0,"SAARBRUCKEN, HATTIGNY",GERMANY,49.233333,7.0,
WWI,777,11/6/1918,UK,AIRCO DH9A DAY BOMBER,10,230.2,BUHL,FRANCE,48.915636,8.007115,
WWI,778,11/6/1918,UK,AIRCO DH9 DAY BOMBER,11,227.8181818,BUHL,FRANCE,48.915636,8.007115,
WWI,781,11/9/1918,UK,AIRCO DH4 DAY BOMBER,1,304.0,BENSDORF,FRANCE,48.905388,6.759462,
WWI,783,11/9/1918,UK,AIRCO DH9 DAY BOMBER,2,200.0,"LORQUIN, RACHICOURT",GERMANY,48.668822,6.994674,
WWI,784,11/10/1918,UK,AIRCO DH4 DAY BOMBER,11,226.7272727,EHRANG,GERMANY,49.815713,6.695214,
WWI,785,11/10/1918,UK,AIRCO DH9A DAY BOMBER,7,227.4285714,MORHANQE,FRANCE,48.924444,6.6363888,
WWI,786,11/10/1918,UK,AIRCO DH9 DAY BOMBER,9,220.6666667,MORHANQE,FRANCE,48.924444,6.6363888,
WWI,787,11/10/1918,UK,AIRCO DH9A DAY BOMBER,11,217.6363636,MORHANQE,FRANCE,48.924444,6.6363888,
WWI,788,11/10/1918,UK,HADLEY PAGE O/400,1,1668.0,MORHANQE,FRANCE,48.924444,6.6363888,
WWI,790,11/10/1918,UK,HADLEY PAGE O/400,1,1668.0,MORHANQE,FRANCE,48.924444,6.6363888,
WWI,791,11/10/1918,UK,HADLEY PAGE O/400,2,1507.0,MORHANGE S FRESCATY,FRANCE,48.924444,6.6363888,
WWI,792,11/10/1918,UK,HADLEY PAGE O/400,2,1568.0,"METZ-SABLON, FRESCATY",FRANCE,49.115461,6.175875,
WWI,817,5/26/1915,ITALY,AIRSHIP,1,2200.0,TRIESTE AND NABRESINA,ITALY,45.637275,13.760402,
WWI,818,8/20/1915,ITALY,CAPRONI CA.32,2,780.0,"AISOVIZZA, EAST OF GORIZIA",SLOVENIA,45.950645,13.701074,
WWI,819,8/22/1915,ITALY,CAPRONI CA.32,7,780.0,"AISOVIZZA, EAST OF GORIZIA",SLOVENIA,45.950645,13.701074,
WWI,821,9/10/1915,ITALY,CAPRONI CA.32,1,780.0,"KLAUS, E OF SANTA LUCIA",ITALY,46.1469444,13.7388889,
WWI,823,6/9/1915,ITALY,AIRSHIP,1,2200.0,ISONZO,SLOVENIA,45.9944,13.6414,
WWI,824,6/16/1915,ITALY,AIRSHIP,1,2200.0,MOUNT SANTO (MONTESANTO),ITALY,44.72999,11.72452,
WWI,831,7/4/1915,ITALY,AIRSHIP,1,2200.0,PRWACINA-DORNBERG,SLOVENIA,45.887506,13.720051,
WWI,836,7/16/1915,ITALY,AIRSHIP,1,2200.0,GORIZIA,ITALY,45.9166667,13.5,
WWI,838,8/5/1915,ITALY,AIRSHIP,1,2200.0,OPCINA,ITALY,45.0475,18.304444,
WWI,853,2/18/1916,ITALY,CAPRONI CA.32,7,780.0,LAIBACH/LUBIANA,SLOVENIA,46.05,14.5777778,
WWI,854,9/17/1915,ITALY,AIRSHIP,1,2200.0,AISOVIZZA,ITALY,45.950645,13.701074,
WWI,855,4/3/1916,ITALY,CAPRONI CA.32,6,780.0,ADELSBERG,GERMANY,45.7769444,14.2166667,BOMBS
WWI,857,4/4/1916,ITALY,CAPRONI CA.32,1,780.0,GORIZIA (GRAFENBERG),ITALY,45.9166667,13.5,HEAVY BOMB
WWI,859,4/2/1916,ITALY,AIRSHIP,1,2200.0,OPCINA,ITALY,45.0475,18.304444,
WWI,862,4/19/1917,ITALY,AIRSHIP,1,2200.0,OPCINA,ITALY,45.0475,18.304444,
WWI,863,4/25/1917,ITALY,AIRSHIP,1,1320.0,OPCINA,ITALY,45.0475,18.304444,
WWI,874,6/15/1916,ITALY,CAPRONI CA.32,6,780.0,MATARELLO (LAGARINA VALLEY),ITALY,46.45,10.8333333,
WWI,875,6/21/1916,ITALY,CAPRONI CA.32/ FARMANN,34,780.0,VAL SUGANA (15M E OF TRENTE),ITALY,46.0524,11.4555,
WWI,876,9/21/1917,ITALY,AIRSHIP,1,2200.0,CHIAPOVANO,SLOVENIA,46.0494444,13.7969444,
WWI,886,7/15/1916,ITALY,CAPRONI CA.32,15,780.0,FOLGARIA (NE OF ROVERTO),ITALY,45.91537048,11.15886727,
WWI,889,9/23/1917,ITALY,AIRSHIP,1,2200.0,CHIAPOVANO,SLOVENIA,46.0494444,13.7969444,
WWI,890,8/11/1916,ITALY,CAPRONI CA.32,18,333.3333333,PRVACINA & DORNBERG,SLOVENIA,45.89,13.7180556,
WWI,892,8/15/1916,ITALY,CAPRONI CA.32,14,385.7142857,PRVACINA & DORNBERG,SLOVENIA,45.89,13.7180556,60 LB BOMBS
WWI,893,10/23/1917,ITALY,AIRSHIP,1,2200.0,PARENZO,ITALY,45.226908,13.596461,
WWI,894,9/13/1916,ITALY,CAPRONI CA.32,22,469.0909091,TRIESTE,ITALY,45.637275,13.760402,60 LB BOMBS
WWI,896,9/18/1916,ITALY,CAPRONI CA.32,2,780.0,MATARELLO (LAGARINA VALLEY),ITALY,46.45,10.8333333,
WWI,897,11/3/1917,ITALY,AIRSHIP,1,2200.0,CODROIPO AND UDINE,ITALY,45.963867,12.970174,
WWI,898,11/6/1917,ITALY,AIRSHIP,1,2200.0,MADRISIO,ITALY,46.125136,13.026653,
WWI,901,11/2/1916,ITALY,CAPRONI CA.32,16,251.25,FRIGIDO VALLEY (VIPACCO),ITALY,45.846667,13.963056,60 LB BOMBS
WWI,908,1/5/1917,ITALY,CAPRONI CA.32,1,780.0,NABRESINA AND REGION OF MOUNT QUERCETO (HERMADA),ITALY,45.74706839,13.67495623,
WWI,910,1/12/1917,ITALY,CAPRONI CA.32,2,780.0,"PROSECCO (ON RR, 5 MI N OF TRIESTE) AND SEAPLANE BASE IN HARBOR OF TRIESTE",ITALY,45.717,13.767,
WWI,911,11/9/1917,ITALY,AIRSHIP,1,2200.0,MOTTA DI LIVENZA,ITALY,45.7667,12.6,
WWI,912,11/9/1917,ITALY,AIRSHIP,1,2200.0,MOTTA DI LIVENZA AND SANTA DONA DI PIAVE,ITALY,45.7667,12.6,
WWI,913,11/15/1917,ITALY,AIRSHIP,1,2200.0,LIVENZA-TEZZE,ITALY,45.704334,12.702626,
WWI,914,11/18/1917,ITALY,AIRSHIP,1,2200.0,GRISOLERA-TEZZE,ITALY,45.5805556,12.6755556,
WWI,917,11/19/1917,ITALY,AIRSHIP,1,2200.0,GRISOLERA-TEZZE,ITALY,45.5805556,12.6755556,
WWI,920,7/22/1917,ITALY,AIRSHIP,1,2200.0,M. HERMADA,ITALY,45.8,13.6167,
WWI,922,12/7/1917,ITALY,AIRSHIP,1,2200.0,MOTTA DI LIVENZA,ITALY,45.7667,12.6,
WWI,926,12/8/1917,ITALY,AIRSHIP,1,2200.0,SANTA MARIA DI QUERO,ITALY,45.952784,11.926823,
WWI,927,12/14/1917,ITALY,AIRSHIP,1,2200.0,PORTOGRUARO,ITALY,45.7753,12.8386,
WWI,931,9/21/1917,ITALY,AIRSHIP,1,2200.0,GRAHOVO,SLOVENIA,46.1538889,13.8619444,
WWI,936,9/23/1917,ITALY,AIRSHIP,1,2200.0,PODMELEC AND GRAHOVO,SLOVENIA,46.167,13.817,
WWI,937,5/12/1917,ITALY,CAPRONI CA.32,1,780.0,POLA,ITALY,44.870302,13.845555,
WWI,943,1/1/1918,ITALY,AIRSHIP,1,2200.0,SAN STINO DI LIVENZA,ITALY,45.721851,12.684331,
WWI,944,2/25/1917,ITALY,AIRSHIP,1,2200.0,PROSECCO,ITALY,45.717,13.767,
WWI,959,11/9/1917,ITALY,AIRSHIP,1,2200.0,LIVENZA AND TAGLIAMENTO,ITALY,45.777317,12.866202,
WWI,966,6/17/1917,ITALY,AIRSHIP,1,2200.0,TOLMINO,SLOVENIA,46.183017,13.732753,
WWI,967,7/22/1917,ITALY,AIRSHIP,1,2200.0,OPCINA,ITALY,45.0475,18.304444,
WWI,968,11/9/1917,ITALY,AIRSHIP,1,2200.0,LATISANA AND VICINITY,ITALY,45.769997,12.996653,
WWI,972,7/8/1917,ITALY,CAPRONI CA.32,12,416.6666667,IDRIA (25 MI WNW OF GORIZIA),ITALY,46.0027778,14.0305556,
WWI,977,7/25/1917,ITALY,AIRSHIP,1,2200.0,SANTA LUCIA DI TOLMINO,ITALY,46.1469444,13.7388889,
WWI,981,8/18/1917,ITALY,AIRSHIP,1,2200.0,MODREYA SNICA AND SANTA LUCIA,ITALY,46.1469,13.7389,
WWI,982,11/19/1917,ITALY,AIRSHIP,1,2200.0,NEAR MOTTA AND LORENZAGA,ITALY,45.7667,12.6,
WWI,983,8/22/1917,ITALY,AIRSHIP,1,2200.0,MODREYA SNICA AND SANTA LUCIA,ITALY,46.1469,13.7389,
WWI,986,11/19/1917,ITALY,AIRSHIP,1,2200.0,MOTTA AND TEZZE,ITALY,45.704334,12.702626,
WWI,988,8/2/1917,ITALY,CAPRONI CA.32,30,780.0,POLA,ITALY,44.870302,13.845555,
WWI,989,8/3/1917,ITALY,CAPRONI CA.32,30,780.0,POLA,ITALY,44.870302,13.845555,
WWI,992,8/8/1917,ITALY,CAPRONI CA.32,36,361.1111111,POLA,ITALY,44.870302,13.845555,260MM/162MM
WWI,993,8/9/1917,ITALY,CAPRONI CA.32,30,780.0,CHIAPOVANO VALLEY (NE OF GORIZIA),SLOVENIA,46.040545,13.788362,
WWI,1004,8/20/1917,ITALY,CAPRONI CA.32,208,780.0,JULIAN ALPS FRONT,SLOVENIA,46.3333,13.75,
WWI,1005,8/21/1917,ITALY,CAPRONI CA.32,53,188.6792453,"SELO AND COMEN, E SLOPES OF MT HERMADA",SLOVENIA,45.81663,13.74531,
WWI,1008,8/19/1917,ITALY,AIRSHIP,1,2200.0,MODREYA SENICA AND SANTA LUCIA DI TOLMINO,SLOVENIA,46.1469,13.7389,
WWI,1009,8/22/1917,ITALY,AIRSHIP,1,2200.0,MODREYA SENICA AND SANTA LUCIA DI TOLMINO,SLOVENIA,46.1469,13.7389,
WWI,1011,9/22/1917,ITALY,AIRSHIP,1,2200.0,CHIAPOVANO,SLOVENIA,46.0494444,13.7969444,
WWI,1014,8/29/1917,ITALY,CAPRONI CA.32,40,385.0,PANOVIZZA WOOD [CHIAPOVANO VALLEY (NE OF GORIZIA)],SLOVENIA,45.990915,13.783184,
WWI,1020,9/3/1917,ITALY,CAPRONI CA.32,30,780.0,POLA,ITALY,44.871031,13.838065,
WWI,1026,12/8/1917,ITALY,AIRSHIP,1,2200.0,NEAR MOTTA DI LIVENZA,ITALY,45.7667,12.6,
WWI,1029,9/24/1917,ITALY,AIRSHIP,1,2200.0,CHIAPOVANO,SLOVENIA,46.0494444,13.7969444,
WWI,1030,11/6/1917,ITALY,AIRSHIP,1,2200.0,PINZANO AND DIGANO,ITALY,46.184736,12.956937,
WWI,1031,11/9/1917,ITALY,AIRSHIP,1,2200.0,SUSEGANA,ITALY,45.851295,12.249334,
WWI,1033,12/7/1917,ITALY,AIRSHIP,1,2200.0,QUERO,ITALY,45.922289,11.930373,
WWI,1034,12/8/1917,ITALY,AIRSHIP,1,2200.0,PORTOGRUARO,ITALY,45.7753,12.8386,
WWI,1036,12/8/1917,ITALY,AIRSHIP,1,2200.0,QUERO,ITALY,45.922289,11.930373,
WWI,1038,12/14/1917,ITALY,AIRSHIP,1,2200.0,LIVENZA AND SACILE,ITALY,45.948988,12.502353,
WWI,1050,12/20/1917,ITALY,AIRSHIP,1,2200.0,VALDOBBIADENE (SAN PIETRO DI BARBOZZA),ITALY,45.9,11.9167,
WWI,1053,2/3/1918,ITALY,AIRSHIP,1,2200.0,CONEGLIANO,ITALY,45.8833,12.3,
WWI,1055,2/6/1918,ITALY,AIRSHIP,1,2200.0,GODEGA,ITALY,45.9314,12.3973,
WWI,1056,3/10/1918,ITALY,AIRSHIP,1,2200.0,GODEGA,ITALY,45.9314,12.3973,
WWI,1060,3/12/1918,ITALY,AIRSHIP,1,2200.0,SAN GIOVANNI DI VEGLIA,ITALY,45.950559,12.318327,
WWI,1061,3/18/1918,ITALY,AIRSHIP,1,2200.0,MATTARELLO (TRENTO),ITALY,46.45,10.8333333,
WWI,1062,5/3/1918,ITALY,AIRSHIP,1,2200.0,CAMPO MAGGIORE,ITALY,40.55,16.1,
WWI,1063,5/4/1918,ITALY,AIRSHIP,1,2200.0,BOLZANO,ITALY,46.5,11.35,
WWI,1064,5/10/1918,ITALY,AIRSHIP,1,2200.0,MATTARELLO (TRENTO),ITALY,46.45,10.8333333,
WWI,1069,6/6/1918,ITALY,AIRSHIP,1,2200.0,MEZZOLOMOBARDO (TRENTO),ITALY,46.2166667,11.0833333,
WWI,1072,6/7/1918,ITALY,AIRSHIP,1,2200.0,SUSA (N OF CALDONAZZO),ITALY,46.048893,11.234145,
WWI,1073,6/8/1918,ITALY,AIRSHIP,1,2200.0,MATTARELLO,ITALY,46.45,10.8333333,
WWI,1075,6/14/1918,ITALY,AIRSHIP,1,2200.0,MATTARELLO,ITALY,46.45,10.8333333,
WWI,1076,7/1/1918,ITALY,AIRSHIP,1,2200.0,CALLIANO (VAL LAGARINA),ITALY,45.9333,11.0833,
WWI,1077,7/2/1918,ITALY,AIRSHIP,1,2200.0,TRENTO (S. STATION),ITALY,46.107555,11.097476,
WWI,1086,7/7/1918,ITALY,AIRSHIP,1,2200.0,VAL GIUDICARIA AND VAL SARCA,ITALY,46.03,10.73,
WWI,1087,7/12/1918,ITALY,AIRSHIP,1,2200.0,TRENTINO,ITALY,46.148533,10.766728,
WWI,1089,12/8/1917,ITALY,CAPRONI CA.32,150,780.0,BETWEEN ASIAGO AND HEAD OF FRENZELA VALLEY,ITALY,45.8,11.6071,
WWI,1090,2/3/1918,ITALY,AIRSHIP,1,2200.0,CONEGLIANO,ITALY,45.8833,12.3,
WWI,1091,7/14/1918,ITALY,AIRSHIP,1,2200.0,TRENTINO,ITALY,46.104615,10.739904,
WWI,1092,7/15/1918,ITALY,AIRSHIP,1,2200.0,MEZZOCORONA,ITALY,46.20722,11.128432,
WWI,1093,7/16/1918,ITALY,AIRSHIP,1,2200.0,VAL CHIESE AND GAVARDINO,ITALY,45.6626,10.4193,
WWI,1094,8/1/1918,ITALY,AIRSHIP,1,2200.0,VAL DI SOLE -  VAZZANO TO MALE,ITALY,46.317,10.8,
WWI,1096,8/4/1918,ITALY,AIRSHIP,1,2200.0,VAL GIUDICARIA BETWEEN TIONE AND STENICO,ITALY,46.03,10.73,
WWI,1097,8/5/1918,ITALY,AIRSHIP,1,2200.0,MEZZOCORONA AND MEZOLOMBARDO,ITALY,46.20722,11.128432,
WWI,1099,8/7/1918,ITALY,AIRSHIP,1,2200.0,CALDERO AND BOLZANO,ITALY,46.494661,11.345534,
WWI,1103,2/3/1918,ITALY,AIRSHIP,1,2200.0,S. STINO DI LIVENZA,ITALY,45.721851,12.684331,
WWI,1106,2/4/1918,ITALY,AIRSHIP,1,2200.0,CONEGLIANO,ITALY,45.8833,12.3,
WWI,1107,8/8/1918,ITALY,AIRSHIP,1,2200.0,TRENTO,ITALY,46.107555,11.097476,
WWI,1108,2/4/1918,ITALY,AIRSHIP,1,2200.0,CASARSA,ITALY,45.95,12.85,
WWI,1111,2/5/1918,ITALY,AIRSHIP,1,2200.0,S. STINO DI LIVENZA,ITALY,45.721851,12.684331,
WWI,1112,2/6/1918,ITALY,AIRSHIP,1,2200.0,NEAR MOTTA DI LIVENZA,ITALY,45.7667,12.6,
WWI,1123,8/12/1918,ITALY,AIRSHIP,1,2200.0,TRENTINO TO VEZZANO,ITALY,46.057773,10.886848,
WWI,1124,8/14/1918,ITALY,AIRSHIP,1,2200.0,BOLZANO AND CALDERO,ITALY,46.5,11.35,
WWI,1125,8/16/1918,ITALY,AIRSHIP,1,2200.0,TRENTINO NEAR TIONE,ITALY,46.035668,10.737394,
WWI,1127,8/31/1918,ITALY,AIRSHIP,1,2200.0,STENICO AND VEZZANO,ITALY,46.052676,10.853632,
WWI,1128,9/14/1918,ITALY,AIRSHIP,1,2200.0,EGNA AND MALE,ITALY,46.318696,11.25378,
WWI,1131,9/15/1918,ITALY,AIRSHIP,1,2200.0,CALLIANO (VAL LAGARINA),ITALY,45.9333,11.0833,
WWI,1132,9/29/1918,ITALY,AIRSHIP,1,2200.0,TIONE-CALLIANO,ITALY,46.0333333,10.7166667,
WWI,1133,10/4/1918,ITALY,AIRSHIP,1,2200.0,STENICO-VEZZANO-LAVIS,ITALY,46.052676,10.853632,
WWI,1136,3/10/1918,ITALY,AIRSHIP,1,2200.0,PORTOBUFFOLE,ITALY,45.859,12.535,
WWI,1137,3/10/1918,ITALY,AIRSHIP,1,2200.0,MOTTA DI LIVENZA,ITALY,45.7667,12.6,
WWI,1139,3/10/1918,ITALY,AIRSHIP,1,2200.0,S. FIOR DI SOPRA,ITALY,45.927709,12.371802,
WWI,1144,3/11/1918,ITALY,AIRSHIP,1,2200.0,MANSUE,ITALY,45.8247222,12.5341667,
WWI,1145,3/11/1918,ITALY,AIRSHIP,1,2200.0,COMINA,ITALY,45.989,12.644,
WWI,1146,3/16/1918,ITALY,AIRSHIP,1,2200.0,GODEGA,ITALY,45.9314,12.3973,
WWI,1147,10/6/1918,ITALY,AIRSHIP,1,2200.0,PINZOLO-TIOPNE,ITALY,46.1667,10.75,
WWI,1148,10/7/1918,ITALY,AIRSHIP,1,2200.0,EGNA,ITALY,46.318696,11.25378,
WWI,1149,10/25/1918,ITALY,AIRSHIP,1,2200.0,CALDONAZZO AND PERGINE,ITALY,45.997478,11.264535,
WWI,1150,10/26/1918,ITALY,AIRSHIP,1,2200.0,LEVICO,ITALY,46.005704,11.306393,
WWI,1151,10/28/1918,ITALY,AIRSHIP,1,2200.0,CISON SERAVALLE (VAL MAERENO),ITALY,46.012426,12.274454,
WWI,1152,10/30/1918,ITALY,AIRSHIP,1,2200.0,VAL DASTICO,ITALY,45.85,11.367,
WWI,1154,10/31/1918,ITALY,AIRSHIP,1,2200.0,STRIGGO AND BORGO,ITALY,46.050678,11.507668,
WWI,1155,11/1/1918,ITALY,AIRSHIP,1,2200.0,GRIONO (GRIGNO),ITALY,46.016667,11.633333,
WWI,1156,11/1/1918,ITALY,AIRSHIP,1,2200.0,LEVICO,ITALY,46.005704,11.306393,
WWI,1157,11/2/1918,ITALY,AIRSHIP,1,2200.0,MATTARELLO,ITALY,46.45,10.8333333,
WWI,1163,5/4/1918,ITALY,AIRSHIP,1,2200.0,PRIMOLANO,ITALY,45.8309,11.7022,
WWI,1175,6/6/1918,ITALY,AIRSHIP,1,2200.0,GODEGA,ITALY,45.9314,12.3973,
WWI,1176,6/6/1918,ITALY,AIRSHIP,1,2200.0,QUERO,ITALY,45.922289,11.930373,
WWI,1178,6/8/1918,ITALY,AIRSHIP,1,2200.0,COMINA,ITALY,45.989,12.644,
WWI,1179,6/8/1918,ITALY,AIRSHIP,1,2200.0,N OF FOSSALTA,ITALY,45.65,12.5167,
WWI,1182,6/13/1918,ITALY,AIRSHIP,1,2200.0,CONEGLIANO,ITALY,45.8833,12.3,
WWI,1183,6/14/1918,ITALY,AIRSHIP,1,2200.0,FELTRE,ITALY,46.0166667,11.9,
WWI,1190,7/1/1918,ITALY,AIRSHIP,1,2200.0,CEGGIA IN THE VICINITY OF S. STINO DI LIVENZA,ITALY,45.689855,12.639022,
WWI,1191,7/1/1918,ITALY,AIRSHIP,1,2200.0,NEAR GRISOLERA,ITALY,45.5805556,12.6755556,
WWI,1195,6/22/1918,USA,CAPRONI CA.32,4,780.0,CONEGLIANO - VENETO,ITALY,45.92199,12.319103,
WWI,1196,6/22/1918,USA,CAPRONI CA.32,7,780.0,FALZE DI PIAVE,ITALY,45.8605556,12.1666667,
WWI,1198,7/8/1918,ITALY,AIRSHIP,1,2200.0,CONEGLIANO - SACILE - PORDENONE,ITALY,45.913416,12.388265,
WWI,1199,6/22/1918,USA,CAPRONI CA.32,7,780.0,SPRESIANO - CONEGLIANO,ITALY,45.834263,12.266963,
WWI,1201,6/24/1918,USA,CAPRONI CA.32,3,780.0,GRISOLERA TO SETTE CASONI,ITALY,45.5805556,12.6755556,
WWI,1203,6/24/1918,USA,CAPRONI CA.32,3,780.0,VITTORIO,ITALY,45.9798,12.3033,
WWI,1204,6/24/1918,USA,CAPRONI CA.32,3,780.0,VITTORIO VENETO,ITALY,45.9798,12.3033,
WWI,1206,6/25/1918,USA,CAPRONI CA.32,2,780.0,CREAGO (?) (CREAZZO),ITALY,41.87194,12.56738,
WWI,1207,6/25/1918,USA,CAPRONI CA.32,2,780.0,VISNADELLO,ITALY,45.758,12.252,
WWI,1208,7/12/1918,ITALY,AIRSHIP,1,2200.0,CONEGLIANO,ITALY,45.8833,12.3,
WWI,1209,6/28/1918,USA,CAPRONI CA.32,3,780.0,PORTOGRUARO,ITALY,45.7753,12.8386,
WWI,1210,7/13/1918,ITALY,AIRSHIP,1,2200.0,S. STINO DI LIVENZA,ITALY,45.721851,12.684331,
WWI,1211,7/15/1918,ITALY,AIRSHIP,1,2200.0,GODEGA,ITALY,45.9314,12.3973,
WWI,1212,7/15/1918,ITALY,AIRSHIP,1,2200.0,CONEGLIANO,ITALY,45.8833,12.3,
WWI,1213,7/16/1918,ITALY,AIRSHIP,1,2200.0,PORTOGRUARO,ITALY,45.7753,12.8386,
WWI,1214,7/1/1918,USA,CAPRONI CA.32,1,780.0,MT BADENECCHE,ITALY,45.91638889,11.64277778,
WWI,1217,7/2/1918,USA,CAPRONI CA.32,2,780.0,GRISOLERA - STAFFOLO,ITALY,45.5805556,12.6755556,
WWI,1218,7/2/1918,USA,CAPRONI CA.32,6,780.0,PASSERELLA,SLOVENIA,46.338243,13.130384,
WWI,1219,7/17/1918,ITALY,AIRSHIP,1,2200.0,SAN STINO DI LIVENZA,ITALY,45.721851,12.684331,
WWI,1221,7/4/1918,USA,CAPRONI CA.32,1,780.0,GRISOLERA,ITALY,45.5805556,12.6755556,
WWI,1222,7/5/1918,USA,CAPRONI CA.32,1,780.0,GRISOLERA - TOMBOLINO,ITALY,45.5805556,12.6755556,
WWI,1225,7/7/1918,USA,CAPRONI CA.32,1,780.0,CESSALTO - TEZZE - FOCE DELLA LIVENZA,ITALY,45.7167,12.6167,PROPAGANDA
WWI,1228,7/7/1918,USA,CAPRONI CA.32,1,780.0,VITTORIO - BELLUNO,ITALY,45.9798,12.3033,
WWI,1230,7/10/1918,USA,CAPRONI CA.32,1,780.0,REGION; PIAVE - LIVENZA,ITALY,45.736539,12.528572,
WWI,1232,7/12/1918,USA,CAPRONI CA.32,3,780.0,GRISOLERA,ITALY,45.5805556,12.6755556,PROPAGANDA
WWI,1233,7/12/1918,USA,CAPRONI CA.32,2,780.0,LOWER LIVENZA,ITALY,45.756844,12.673663,PROPAGANDA
WWI,1235,8/5/1918,ITALY,AIRSHIP,1,2200.0,S. STINO DI LIVENZA,ITALY,45.721851,12.684331,
WWI,1238,8/5/1918,ITALY,AIRSHIP,1,2200.0,CONEGLIANO - SACILE,ITALY,45.913416,12.388265,
WWI,1239,7/15/1918,USA,CAPRONI CA.32,1,780.0,BARRO - BELLUNO,ITALY,46.13945,12.206826,PROPAGANDA
WWI,1240,8/8/1918,ITALY,AIRSHIP,1,2200.0,"FELTRE, LIVENZA",ITALY,46.0166667,11.9,
WWI,1241,7/15/1918,USA,CAPRONI CA.32,1,780.0,FELTRE - BELLUNO,ITALY,46.001658,11.80926,PROPAGANDA
WWI,1242,8/8/1918,ITALY,AIRSHIP,1,2200.0,"VITTORIO/SACILE, CONEGLIANO",ITALY,45.953231,12.369166,
WWI,1243,8/8/1918,ITALY,AIRSHIP,1,2200.0,PORTOGRUARO,ITALY,45.7753,12.8386,
WWI,1244,7/16/1918,USA,CAPRONI CA.32,1,780.0,MOTTA DI LIVENZA,ITALY,45.7667,12.6,PROPAGANDA
WWI,1245,7/16/1918,USA,CAPRONI CA.32,2,780.0,MOTTA DI LIVENZA AND S. STINO,ITALY,45.7667,12.6,PROPAGANDA
WWI,1247,8/11/1918,ITALY,AIRSHIP,1,2200.0,"CUSIGHE, BALLUNO/VITTORIO",ITALY,46.130172,12.234732,
WWI,1248,7/17/1918,USA,CAPRONI CA.32,7,780.0,POLA,ITALY,44.871031,13.838065,
WWI,1249,7/17/1918,USA,CAPRONI CA.32,2,780.0,PORTOGRUARO,ITALY,45.7753,12.8386,PROPAGANDA
WWI,1251,8/12/1918,ITALY,AIRSHIP,1,2200.0,SANZAN (FELTRE),ITALY,45.977741,11.940813,
WWI,1252,8/12/1918,ITALY,AIRSHIP,1,2200.0,"MANSUE, MEDUNA/LIVENZA",ITALY,45.8247222,12.5341667,
WWI,1253,7/18/1918,USA,CAPRONI CA.32,2,780.0,REGION; MEZZOLOMBARDO,ITALY,46.206424,11.114312,PROPAGANDA
WWI,1254,7/18/1918,USA,CAPRONI CA.32,2,780.0,REGION; PIAVON - MOTTA DI LIVENZA,ITALY,45.736539,12.528572,PROPAGANDA
WWI,1255,7/20/1918,USA,CAPRONI CA.32,1,780.0,CONEGLIANO,ITALY,45.8833,12.3,
WWI,1256,7/20/1918,USA,CAPRONI CA.32,1,780.0,MEZZOLOMBARDO,ITALY,46.2166667,11.0833333,PROPAGANDA
WWI,1257,7/21/1918,USA,CAPRONI CA.32,2,780.0,MATARELLO,ITALY,46.45,10.8333333,
WWI,1261,7/23/1918,USA,CAPRONI CA.32,1,780.0,LOWER LIVENZA,ITALY,45.756844,12.673663,PROPAGANDA
WWI,1262,8/12/1918,ITALY,AIRSHIP,1,2200.0,SAN STINO DI LIVENZA,ITALY,45.721851,12.684331,
WWI,1263,7/23/1918,USA,CAPRONI CA.32,1,780.0,MOTTA DI LIVENZA,ITALY,45.7667,12.6,PROPAGANDA
WWI,1264,7/23/1918,USA,CAPRONI CA.32,1,780.0,REGION OF CONEGLIANO - ODERZO,ITALY,45.841874,12.417446,PROPAGANDA
WWI,1265,7/25/1918,USA,CAPRONI CA.32,2,780.0,SACILE- PORDENONE,ITALY,45.968653,12.580896,PROPAGANDA
WWI,1266,7/29/1918,USA,CAPRONI CA.32,1,780.0,CONCINA,ITALY,45.989,12.644,
WWI,1268,7/30/1918,USA,CAPRONI CA.32,1,780.0,MEZZOLOMBARDO,ITALY,46.2166667,11.0833333,PROPAGANDA
WWI,1269,7/30/1918,USA,CAPRONI CA.32,6,780.0,PORTOBUFFOLE,ITALY,45.859,12.535,
WWI,1272,7/31/1918,USA,CAPRONI CA.32,1,780.0,REGION OF PERGINE,ITALY,46.065473,11.233713,PROPAGANDA
WWI,1273,8/15/1918,ITALY,AIRSHIP,1,2200.0,GODEGA,ITALY,45.9314,12.3973,
WWI,1274,8/15/1918,ITALY,AIRSHIP,1,2200.0,CAORLE,ITALY,45.648161,12.912623,
WWI,1275,8/2/1918,USA,CAPRONI CA.32,1,780.0,FELTRE - BELLUNO,ITALY,46.001658,11.80926,PROPAGANDA
WWI,1276,8/15/1918,ITALY,AIRSHIP,1,2200.0,PORTO DI BASELEGHE,ITALY,45.637,12.981,
WWI,1278,8/5/1918,USA,CAPRONI CA.32,1,780.0,LOWER LIVENZA,ITALY,45.756844,12.673663,
WWI,1279,8/16/1918,ITALY,AIRSHIP,1,2200.0,CISON - VITTORIO VENETO,ITALY,45.995906,12.290037,
WWI,1280,8/5/1918,USA,CAPRONI CA.32,2,780.0,REGION; PALAZETTO - FOCI - LIVENZA,ITALY,45.675534,12.505805,PROPAGANDA
WWI,1281,8/16/1918,ITALY,AIRSHIP,1,2200.0,LATISANA,ITALY,45.783458,12.994871,
WWI,1282,8/6/1918,USA,CAPRONI CA.32,1,780.0,SACILE - PORDENONE,ITALY,45.966724,12.621291,
WWI,1285,8/8/1918,USA,CAPRONI CA.32,1,780.0,LOWER LIVENZA,ITALY,45.756844,12.673663,
WWI,1289,8/9/1918,USA,CAPRONI CA.32,1,780.0,FELTRE,ITALY,46.0166667,11.9,
WWI,1290,8/9/1918,USA,CAPRONI CA.32,3,780.0,MANSUE,ITALY,45.8247222,12.5341667,
WWI,1291,8/10/1918,USA,CAPRONI CA.32,1,780.0,CONEGLIANO - SACILE,ITALY,45.913416,12.388265,
WWI,1293,8/11/1918,USA,CAPRONI CA.32,1,780.0,CESSALTO - STAFFOLO,ITALY,45.7167,12.6167,PROPAGANDA
WWI,1294,8/11/1918,USA,CAPRONI CA.32,2,780.0,CESSALTO - STAFFOLO - S. ELENA,ITALY,45.7167,12.6167,PROPAGANDA
WWI,1295,8/31/1918,ITALY,AIRSHIP,1,2200.0,PRIMOLANO,ITALY,45.8309,11.7022,
WWI,1296,8/11/1918,USA,CAPRONI CA.32,7,780.0,FELTRE,ITALY,46.0166667,11.9,
WWI,1297,8/31/1918,ITALY,AIRSHIP,1,2200.0,CONEGLIANO AND PORTOBUFFOLE,ITALY,45.865702,12.448302,
WWI,1298,8/31/1918,ITALY,AIRSHIP,1,2200.0,ODERRZO,ITALY,45.78,12.4881,
WWI,1299,8/12/1918,USA,CAPRONI CA.32,1,780.0,PERGINE,ITALY,46.0666667,11.2333333,
WWI,1300,8/12/1918,USA,CAPRONI CA.32,1,780.0,REGION; CONEGLIANO - SACILE,ITALY,45.927313,12.376341,PROPAGANDA
WWI,1301,8/12/1918,USA,CAPRONI CA.32,1,780.0,REGION; MOTTA DI LIVENZA - S. STINO,ITALY,45.752089,12.638922,PROPAGANDA
WWI,1302,8/12/1918,USA,CAPRONI CA.32,1,780.0,REGION; MOTTA DI LIVENZA - S. STINO - STAFFOLO,ITALY,45.752089,12.638922,PROPAGANDA
WWI,1305,9/4/1918,ITALY,AIRSHIP,1,2200.0,CISON,ITALY,46.012426,12.274454,
WWI,1306,9/7/1918,ITALY,AIRSHIP,1,2200.0,MOTTA DI LIVENZA AND CAORLE,ITALY,45.7667,12.6,
WWI,1307,8/13/1918,USA,CAPRONI CA.32,1,780.0,FUCINE (VAL DI SOLE),ITALY,46.3,10.7333333,
WWI,1309,9/14/1918,ITALY,AIRSHIP,1,2200.0,S. STINO DI LIVENZA,ITALY,45.721851,12.684331,
WWI,1310,9/14/1918,ITALY,AIRSHIP,1,2200.0,GODEGA,ITALY,45.9314,12.3973,
WWI,1311,9/14/1918,ITALY,AIRSHIP,1,2200.0,S. STINO DI LIVENZA,ITALY,45.721851,12.684331,
WWI,1312,9/15/1918,ITALY,AIRSHIP,1,2200.0,PRIMOLANO,ITALY,45.8309,11.7022,
WWI,1313,9/15/1918,ITALY,AIRSHIP,1,2200.0,GODEGA,ITALY,45.9314,12.3973,
WWI,1316,8/16/1918,USA,CAPRONI CA.32,1,780.0,SACILE - PORDENONE,ITALY,45.968653,12.580896,PROPAGANDA
WWI,1318,8/17/1918,USA,CAPRONI CA.32,3,780.0,GARDOLO,ITALY,46.10597073,11.11237261,
WWI,1319,8/18/1918,USA,CAPRONI CA.32,4,780.0,MOTTA DI LIVENZA,ITALY,45.7667,12.6,
WWI,1321,8/20/1918,USA,CAPRONI CA.32,1,780.0,COMINA,ITALY,45.989,12.644,
WWI,1322,8/20/1918,USA,CAPRONI CA.32,1,780.0,MOTTA DI LIVENZA,ITALY,45.7667,12.6,PROPAGANDA
WWI,1323,8/20/1918,USA,CAPRONI CA.32,2,780.0,REGION; MEZZOLOMBARDO,ITALY,46.206424,11.114312,PROPAGANDA
WWI,1324,8/21/1918,USA,CAPRONI CA.32,3,780.0,COMINA,ITALY,45.989,12.644,
WWI,1325,8/22/1918,USA,CAPRONI CA.32,3,780.0,BALZAMP (BOLZANO),ITALY,46.5,11.35,
WWI,1326,8/22/1918,USA,CAPRONI CA.32,2,780.0,CASARSA,ITALY,45.95,12.85,
WWI,1327,8/22/1918,USA,CAPRONI CA.32,1,780.0,COMINA,ITALY,45.989,12.644,
WWI,1328,8/22/1918,USA,CAPRONI CA.32,2,780.0,GODEGA,ITALY,45.9314,12.3973,
WWI,1329,9/29/1918,ITALY,AIRSHIP,1,2200.0,MANSUE - S. VITO - CALLIANO,ITALY,45.8247222,12.5341667,
WWI,1330,10/4/1918,ITALY,AIRSHIP,1,2200.0,PORTOGRUARO,ITALY,45.7753,12.8386,
WWI,1331,8/23/1918,USA,CAPRONI CA.32,2,780.0,CASARSA,ITALY,45.95,12.85,
WWI,1332,8/23/1918,USA,CAPRONI CA.32,3,780.0,COMINA,ITALY,45.989,12.644,
WWI,1333,8/23/1918,USA,CAPRONI CA.32,3,780.0,COMINA & AVIANO,ITALY,45.989,12.644,
WWI,1334,8/23/1918,USA,CAPRONI CA.32,2,780.0,GODEGA,ITALY,45.9314,12.3973,
WWI,1335,8/23/1918,USA,CAPRONI CA.32,1,780.0,ROMAGNANO,ITALY,46.016667,11.1,
WWI,1336,8/24/1918,USA,CAPRONI CA.32,1,780.0,COMINA,ITALY,45.989,12.644,
WWI,1337,8/24/1918,USA,CAPRONI CA.32,1,780.0,ROMAGNANO,ITALY,46.016667,11.1,
WWI,1338,8/25/1918,USA,CAPRONI CA.32,1,780.0,COMINA & ROMAGNONO,ITALY,45.989,12.644,
WWI,1339,10/4/1918,ITALY,AIRSHIP,1,2200.0,MOTTA DI LIVENZA,ITALY,45.7667,12.6,
WWI,1340,10/6/1918,ITALY,AIRSHIP,1,2200.0,PRIMOLANO,ITALY,45.8309,11.7022,
WWI,1341,10/6/1918,ITALY,AIRSHIP,1,2200.0,FUCINE (VAL DI SOLE),ITALY,46.3,10.7333333,
WWI,1342,10/6/1918,ITALY,AIRSHIP,1,2200.0,S. FIOR DI SOPRA,ITALY,45.927709,12.371802,
WWI,1343,10/6/1918,ITALY,AIRSHIP,1,2200.0,MANSUE,ITALY,45.8247222,12.5341667,
WWI,1344,10/7/1918,ITALY,AIRSHIP,1,2200.0,CISON AND M. CESEN,ITALY,46.012426,12.274454,
WWI,1345,10/7/1918,ITALY,AIRSHIP,1,2200.0,"CASARAE, PORTOGRUARO",ITALY,45.95,12.85,
WWI,1346,9/1/1918,USA,CAPRONI CA.32,7,780.0,AVIANO,ITALY,46.0705556,12.5947222,
WWI,1347,10/7/1918,ITALY,AIRSHIP,1,2200.0,GODEGA,ITALY,45.9314,12.3973,
WWI,1350,10/12/1918,ITALY,AIRSHIP,1,2200.0,VITTORIO - CONEGLIANO - SACILE,ITALY,45.953231,12.369166,
WWI,1352,9/7/1918,USA,CAPRONI CA.32,4,780.0,BELLUNO,ITALY,46.25,12.1333333,
WWI,1353,4/9/1916,ITALY,AIRSHIP,1,2200.0,RIVA,ITALY,45.2511,14.2681,
WWI,1355,5/1/1916,ITALY,AIRSHIP,1,2200.0,TRENTO,ITALY,46.107555,11.097476,
WWI,1356,3/18/1917,ITALY,AIRSHIP,1,2200.0,ROVERETO,ITALY,45.88953,11.033166,
WWI,1357,9/14/1918,USA,CAPRONI CA.32,3,780.0,PERGINE,ITALY,46.0666667,11.2333333,
WWI,1358,5/20/1917,ITALY,AIRSHIP,1,2200.0,VIPACCO,ITALY,45.846032,13.962394,
WWI,1359,5/3/1916,ITALY,AIRSHIP,1,2200.0,AISOVIZZA,ITALY,45.950645,13.701074,
WWI,1360,9/8/1916,ITALY,AIRSHIP,1,2200.0,SISTIANA,ITALY,45.765351,13.652766,
WWI,1362,9/15/1918,USA,CAPRONI CA.32,1,780.0,CISSON - BORGO - ASIAGO,ITALY,46.05,11.45,PROPAGANDA
WWI,1363,9/24/1916,ITALY,AIRSHIP,1,2200.0,DOTTOGLIANO,ITALY,45.75394,13.688271,
WWI,1364,9/26/1916,ITALY,AIRSHIP,1,2200.0,OPPACCHIASELLA AND COMEN,SLOVENIA,45.851,13.584,
WWI,1365,10/25/1918,ITALY,AIRSHIP,1,2200.0,CONEGLIANO,ITALY,45.8833,12.3,
WWI,1367,9/16/1918,USA,CAPRONI CA.32,4,780.0,GODEGA,ITALY,45.9314,12.3973,
WWI,1369,9/17/1918,USA,CAPRONI CA.32,4,780.0,MANSUE,ITALY,45.8247222,12.5341667,
WWI,1370,9/17/1918,USA,CAPRONI CA.32,2,780.0,PERGINE,ITALY,46.0666667,11.2333333,
WWI,1371,9/18/1918,USA,CAPRONI CA.32,1,780.0,MANSUE,ITALY,45.8247222,12.5341667,
WWI,1372,10/27/1918,ITALY,AIRSHIP,1,2200.0,LIVENZA,ITALY,45.774563,12.618042,
WWI,1374,9/25/1918,USA,CAPRONI CA.32,1,780.0,MEZZOLOMBARDO,ITALY,46.2166667,11.0833333,PROPAGANDA
WWI,1375,9/27/1918,USA,CAPRONI CA.32,1,780.0,MEZZOLOMBARDO,ITALY,46.2166667,11.0833333,PROPAGANDA
WWI,1376,2/19/1917,ITALY,AIRSHIP,1,2200.0,NE OF COMEN,SLOVENIA,45.851,13.584,
WWI,1377,2/21/1917,ITALY,AIRSHIP,1,2200.0,PROSECCO,ITALY,45.717,13.767,
WWI,1378,2/24/1917,ITALY,AIRSHIP,1,2200.0,REIFENBERG,ITALY,45.8572,13.7842,
WWI,1379,4/21/1917,ITALY,AIRSHIP,1,2200.0,PRWACINA,SLOVENIA,45.887506,13.720051,
WWI,1380,5/16/1917,ITALY,AIRSHIP,1,2200.0,OWCIA DRAGA AND VOGERSKO,SLOVENIA,45.906,13.701,
WWI,1381,6/17/1917,ITALY,AIRSHIP,1,2200.0,FRIGIDO,ITALY,45.846667,13.963056,
WWI,1382,5/29/1915,ITALY,AIRSHIP,1,2200.0,POLA,ITALY,44.871031,13.838065,
WWI,1383,6/5/1915,ITALY,AIRSHIP,1,2200.0,POLA,ITALY,44.871031,13.838065,
WWI,1384,6/15/1915,ITALY,AIRSHIP,1,2200.0,DIVACCIA,SLOVENIA,45.681022,13.966697,
WWI,1385,6/17/1915,ITALY,AIRSHIP,1,2200.0,MUGGIA,ITALY,46.409911,13.198165,
WWI,1386,7/3/1915,ITALY,AIRSHIP,1,2200.0,TRIESTE,ITALY,45.637275,13.760402,
WWI,1387,7/5/1915,ITALY,AIRSHIP,1,2200.0,TRIESTE,ITALY,45.637275,13.760402,
WWI,1388,7/15/1915,ITALY,AIRSHIP,1,2200.0,GRIGANO (GRIGNO),ITALY,46.016667,11.633333,
WWI,1389,7/20/1915,ITALY,AIRSHIP,1,2200.0,NABRESINA,ITALY,45.74706839,13.67495623,
WWI,1390,7/21/1915,ITALY,AIRSHIP,1,2200.0,SISTIANA,ITALY,45.765351,13.652766,
WWI,1391,10/20/1918,USA,CAPRONI CA.32,1,780.0,GALLIANO - MEZZOLOMBARDO,ITALY,46.21,11.1,PROPAGANDA
WWI,1392,10/23/1918,USA,CAPRONI CA.32,6,780.0,FONZASO,ITALY,46.0166667,11.8,
WWI,1393,10/28/1918,ITALY,AIRSHIP,1,2200.0,LIVENZA,ITALY,45.774563,12.618042,
WWI,1395,10/23/1918,USA,CAPRONI CA.32,2,780.0,REGION OF PRIMOLANO,ITALY,45.964696,11.709564,
WWI,1396,10/23/1918,USA,CAPRONI CA.32,1,780.0,S OF FONZASO,ITALY,45.980945,11.782635,
WWI,1397,10/23/1918,USA,CAPRONI CA.32,1,780.0,VICINITY OF BRIDGE OVER THE SERRA,ITALY,45.829007,13.21606,
WWI,1398,10/28/1918,ITALY,AIRSHIP,1,2200.0,MOTTA DI LIVENZA,ITALY,45.7667,12.6,
WWI,1399,8/6/1915,ITALY,AIRSHIP,1,2200.0,PARENZO,ITALY,45.226908,13.596461,
WWI,1400,5/28/1915,ITALY,AIRSHIP,1,2200.0,MONFALCONE,ITALY,45.8,13.5333,
WWI,1401,6/8/1915,ITALY,AIRSHIP,1,2200.0,ISONZO,SLOVENIA,45.9944,13.6414,
WWI,1402,10/26/1918,USA,CAPRONI CA.32,1,780.0,SAN PELAGIO,ITALY,45.6963889,12.2272222,
WWI,1404,10/27/1918,USA,CAPRONI CA.32,1,780.0,BANKS OF MIDDLE LIVENZA,ITALY,45.799436,12.630034,
WWI,1406,10/29/1918,ITALY,AIRSHIP,1,2200.0,FOSSA DI PIAVE,ITALY,45.8605556,12.1666667,
WWI,1407,10/27/1918,USA,CAPRONI CA.32,3,780.0,SACILE,ITALY,45.9552778,12.5019444,
WWI,1408,10/27/1918,USA,CAPRONI CA.32,1,780.0,VITTORIO VENETO,ITALY,45.9798,12.3033,
WWI,1409,7/4/1915,ITALY,AIRSHIP,1,2200.0,DOBERDO,ITALY,45.834722,13.549167,
WWI,1410,10/28/1918,USA,CAPRONI CA.32,1,780.0,CONEGLIANO,ITALY,45.8833,12.3,
WWI,1411,10/28/1918,USA,CAPRONI CA.32,2,780.0,FELLINA (FOLLINA),ITALY,45.95,12.116667,
WWI,1412,10/29/1918,ITALY,AIRSHIP,1,2200.0,SACILE,ITALY,45.9552778,12.5019444,
WWI,1413,7/5/1915,ITALY,AIRSHIP,1,2200.0,OPCINA,ITALY,45.0475,18.304444,
WWI,1414,7/16/1915,ITALY,AIRSHIP,1,2200.0,ISONZO,SLOVENIA,45.9944,13.6414,
WWI,1415,10/28/1918,USA,CAPRONI CA.32,9,780.0,SACILE,ITALY,45.9552778,12.5019444,
WWI,1416,10/28/1918,USA,CAPRONI CA.32,1,780.0,VAL SUGANA - TREZZE - GRIGNOL,ITALY,46.0524,11.4555,
WWI,1417,10/29/1918,USA,CAPRONI CA.32,1,780.0,BANKS OF MIDDLE LIVENZA,ITALY,45.799436,12.630034,
WWI,1418,10/29/1918,USA,CAPRONI CA.32,1,780.0,BRIDGES OVER LIVENZA,ITALY,45.77758,12.620621,
WWI,1419,10/29/1918,USA,CAPRONI CA.32,1,780.0,CONEGLIANO - SACILE,ITALY,45.913416,12.388265,
WWI,1420,8/5/1915,ITALY,AIRSHIP,1,2200.0,DOBERDO,ITALY,45.834722,13.549167,
WWI,1423,10/29/1918,USA,CAPRONI CA.32,1,780.0,PORTOBUFFOLE TO BRUGNERA,ITALY,45.88261,12.533463,
WWI,1424,10/29/1918,USA,CAPRONI CA.32,3,780.0,PORTOBUFFOLE TO BRUGNERA,ITALY,45.893129,12.529279,
WWI,1425,10/29/1918,USA,CAPRONI CA.32,1,780.0,SACILE,ITALY,45.9552778,12.5019444,
WWI,1426,9/16/1915,ITALY,AIRSHIP,1,2200.0,DUINO,ITALY,45.78333,13.66666,
WWI,1427,10/29/1918,USA,CAPRONI CA.32,1,780.0,SACILE - PONTANAFREDDA,ITALY,45.967846,12.54209,
WWI,1428,10/30/1918,USA,CAPRONI CA.32,1,780.0,BRIDGES OVER LIVENZA,ITALY,45.77758,12.620621,
WWI,1429,10/30/1918,USA,CAPRONI CA.32,2,780.0,PORTOBUFFOLE TO BRUGNERA,ITALY,45.88261,12.533463,
WWI,1430,10/30/1918,USA,CAPRONI CA.32,1,780.0,PORTOBUFFOLE TO BRUGNERA,ITALY,45.893129,12.529279,
WWI,1431,10/30/1918,USA,CAPRONI CA.32,3,780.0,SACILE - PORDENONE,ITALY,45.966724,12.621291,
WWI,1432,10/30/1918,USA,CAPRONI CA.32,2,780.0,SACILE - PORDENONE,ITALY,45.968653,12.580896,
WWI,1433,11/1/1915,ITALY,AIRSHIP,1,2200.0,SAVOGNA,ITALY,46.188478,13.543292,
WWI,1435,11/6/1915,ITALY,AIRSHIP,1,2200.0,SAVOGNA,ITALY,46.188478,13.543292,
WWI,1436,11/1/1918,USA,CAPRONI CA.32,1,780.0,BETWEEN TAGLIAMENTO & LATISANO,ITALY,45.772104,12.995962,
WWI,1437,5/2/1916,ITALY,AIRSHIP,1,2200.0,RUBBIA AND MERNA,SLOVENIA,45.895556,13.6075,
WWI,1438,11/1/1918,USA,CAPRONI CA.32,1,780.0,LATISANO,ITALY,45.783458,12.994871,
WWI,1439,4/4/1916,ITALY,AIRSHIP,1,2200.0,NABRESINA,ITALY,45.74706839,13.67495623,
WWI,1440,6/24/1916,ITALY,AIRSHIP,1,2200.0,PUNTA SALVORE,ITALY,45.4908,13.5081,
WWI,1441,11/2/1918,USA,CAPRONI CA.32,1,780.0,PALMANOVA,ITALY,45.9063889,13.3119444,
